|0
Dorothy Canfield Fisher Children's Book Award Nominee|428
National Book Award Finalist for Fiction|233
National Book Critics Circle Award Nominee for Fiction|224
Hugo Award Nominee for Best Novel|210
Newbery Medal Nominee|202
Newbery Medal|173
Nebula Award Nominee for Best Novel|173
Los Angeles Times Book Prize Nominee for Fiction|171
Margaret A. Edwards Award|166
Hugo Award for Best Novel|161
Locus Award Nominee for Best Fantasy Novel|159
World Fantasy Award Nominee for Best Novel|156
Booker Prize Nominee|154
Lewis Carroll Shelf Award|144
Books I Loved Best Yearly|144
Pulitzer Prize for Fiction|142
International Dublin Literary Award Nominee|127
Massachusetts Children's Book Award|123
National Book Award for Fiction|123
Locus Award Nominee for Best SF Novel|119
Nebula Award for Best Novel|116
Nene Award|114
Anthony Award Nominee for Best Novel|101
International Dublin Literary Award Nominee for Shortlist|100
PEN/Faulkner Award for Fiction Nominee|99
Orange Prize Nominee for Fiction Longlist|99
Zilveren Griffel|97
Edgar Award Nominee for Best Novel|96
William Allen White Children's Book Award|92
National Book Critics Circle Award Nominee for General Nonfiction|89
Prometheus Hall of Fame Award|89
Lincoln Award Nominee|88
Booker Prize|83
Audie Award for Classic|81
ALA Alex Award|79
Pulitzer Prize Nominee for Fiction|78
Arthur C. Clarke Award Nominee|75
Rebecca Caudill Young Readers' Book Award|75
Orange Prize Nominee for Fiction Shortlist|74
All About Romance|73
Mythopoeic Fantasy Award Nominee|73
National Book Critics Circle Award for Fiction|73
Dilys Award Nominee|73
West Australian Young Readers' Book Award|72
Pacific Northwest Library Association Young Reader's Choice Award|71
Balrog Award Nominee for Best Novel|70
Премія імені Максима Рильського|70
Audie Award for Fiction|70
Locus Award for Best Fantasy Novel|65
Colorado Blue Spruce Young Adult Book Award|64
Mythopoeic Fantasy Award for Children's Literature|63
Prix du Meilleur Livre Étranger for Roman|62
Los Angeles Times Book Prize for Fiction|62
Dorothy Canfield Fisher Children's Book Award|61
Locus Award for Best Science Fiction Novel|60
World Fantasy Award for Best Novel|58
Rhode Island Teen Book Award Nominee|58
Anthony Award Nominee for Best First Novel|58
California Young Readers Medal Nominee for Intermediate|55
Oklahoma Sequoyah Award|55
California Young Readers Medal Nominee for Middle School/Junior High|55
American Book Award|55
Unabridged|54
Abridged|54
Anthony Award for Best Novel|53
American Booksellers Book Of The Year  Award for Adult Trade|53
Prix des libraires du Québec for Lauréats hors Québec|50
James Tait Black Memorial Prize for Fiction|50
Audie Award for Nonfiction|49
Exclusive Books Boeke Prize|49
Premio Bancarella|49
Soaring Eagle Book Award|49
Indian Paintbrush Book Award|48
Hammett Prize Nominee|48
Flicker Tale Children's Book Award|48
Macavity Award Nominee for Best Mystery Novel|48
Prix Médicis Etranger|47
National Book Award Finalist for Children's Books|47
John W. Campbell Memorial Award Nominee for Best Science Fiction Novel|47
Barry Award Nominee for Best Novel|47
Charlotte Award|47
Nestlé Smarties Book Prize for 9–11 years|47
California Book Award for Fiction|47
Romantic Times Reviewers' Choice Award|46
Anthony Award for Best First Novel|46
Bram Stoker Award for Best Novel|46
National Book Award Finalist for Nonfiction|46
James Tait Black Memorial Prize Nominee for Fiction|46
Scotiabank Giller Prize Nominee|45
Whitbread Award Nominee for Novel|45
Grand Prix de Littérature Policière for Romans étrangers|45
Edgar Award Nominee for Best First Novel|44
Iowa Teen Award|44
James Tiptree Jr. Award Nominee for Longlist|44
Pulitzer Prize Nominee for General Nonfiction|44
Ambassador Book Award for Fiction|44
California Young Readers Medal for Intermediate|44
Ditmar Award Nominee for Best International Long Fiction|43
British Fantasy Award Nominee for Best Novel|43
Grand Canyon Reader Award for Teen Book|43
Edgar Award for Best Novel|42
PEN/Faulkner Award for Fiction|41
Martin Beck Award|41
Betty Trask Award|40
Locus Award Nominee for Best Novel|40
Mythopoeic Fantasy Award Nominee for Children's Literature|40
George C. Stone Center for Children's Books Recognition of Merit Award|40
British Science Fiction Association Award Nominee for Best Novel|39
New Mexico Land of Enchantment Award|39
Washington State Book Award|39
Mythopoeic Fantasy Award Nominee for Adult Literature|38
Locus Award Nominee for Best First Novel|38
Locus Award Nominee for Best Science Fiction Novel|37
Pulitzer Prize for Biography or Autobiography|37
British Fantasy Award for Best Novel|37
Eliot Rosewater Indiana High School Book Award|37
Charlie May Simon Children's Book Award|37
Seiun Award 星雲賞 for Best Foreign Novel|37
Boston Globe-Horn Book Award Nominee for Fiction|37
Oklahoma Sequoyah Award for YA|37
Guardian Children's Fiction Prize|37
このミステリーがすごい！ for Best Translated Mystery Novel of the Year in Japan|37
Judy Lopez Memorial Award for Children's Literature Nominee|36
Audie Award for Solo Narration - Male|36
Booker Prize Nominee for Longlist|36
Texas Bluebonnet Award|36
WH Smith Literary Award|35
Gandalf Award Nominee|35
Bluestem Book Award Nominee|35
Evergreen Teen Book Award|34
Buxtehuder Bulle|34
Tähtivaeltaja Award|34
Agatha Award Nominee for Best First Novel|33
Irish Times International Fiction Prize|33
Macavity Award for Best Mystery Novel|33
Sue Kaufman Prize for First Fiction|33
Chicago Tribune Heartland Prize for Fiction|33
Ditmar Award for Best International Long Fiction|33
Premi Llibreter de narrativa Nominee|33
Canadian Authors Association Award for Fiction|32
Fiction|32
Carnegie Medal|32
Jane Addams Children's Book Award Nominee|32
Agatha Award Nominee for Best Novel|32
Iowa Children's Choice Award|32
Audie Award|32
South Carolina Book Award for Junior Book Award|32
Macavity Award for Best First Mystery Novel|31
National Book Critics Circle Award Nominee for Biography/Autobiography|31
Mythopoeic Scholarship Award for Inklings Studies|31
Bram Stoker Award Nominee for Best Novel|31
Anisfield-Wolf Book Award|31
Carnegie Medal Nominee|31
Dilys Award|31
Barry Award Nominee for Best First Novel|30
Rosenthal Family Foundation Award|30
Keith Barker Millennium Book Award|30
Palle Rosenkrantz Prisen|30
California Young Readers Medal Nominee for Young Adult|30
Prix Cosmos 2000|29
Hotze de Roosprijs|29
Shamus Award Nominee for Best PI Hardcover|29
Deutscher Jugendliteraturpreis for Jugendbuch|29
Anthony Award Nominee for Best Paperback Original|29
Odyssey Award Nominee|29
Romance Readers Anonymous|29
Independent Publisher Book Award|29
Pulitzer Prize for General Nonfiction|29
Locus Award for Best Novel|29
Premio Grinzane Cavour for Narrativa Straniera|28
Boston Globe-Horn Book Award for Fiction|28
CWA Gold Dagger Award for Fiction|28
Philip K. Dick Award|28
Trillium Book Award|28
Edgar Award for Best First Novel|28
Premio Grinzane Cavour Nominee for Narrativa Straniera|28
CWA Silver Dagger for Fiction|28
Mikael Agricola -palkinto|27
Philip K. Dick Award Nominee|27
Miles Franklin Literary Award|27
California Young Readers Medal for Young Adult|27
Janet Heidinger Kafka Prize|27
PEN/Hemingway Foundation Award|27
Governor General's Literary Awards / Prix littéraires du Gouverneur général for Fiction|27
Audie Award for Children's Titles Ages 8-12|26
PEN Translation Prize for William Weaver|26
Premio San Clemente for Novela Estranxeira|26
CWA New Blood Dagger|26
Commonwealth Writers' Prize for Best Book in Caribbean and Canada|25
Compton Crook Award Nominee|25
British Book Award|25
Washington State Sasquatch Award|25
William Dean Howells Medal|25
World Fantasy Award Nominee for Best Collection|25
American Booksellers Book Of The Year  Award for Children|25
Somerset Maugham Award|25
Los Angeles Times Book Prize for Biography|25
Commonwealth Writers' Prize for Best Book Overall|25
Lefty Award Nominee|24
CLA Book of the Year for Children Award|24
Pulitzer Prize for Drama|24
Golden Archer Award for Middle/Junior High|24
Maryland Black-Eyed Susan Book Award for Grade 6-9|24
North Dakota Children's Choice Award|24
CWA Best Ever Nominee for Crime Novel|24
Prix Goncourt|23
Sunshine State Young Readers Award|23
British Book Award for Children's Book of the Year|23
British Science Fiction Association Award for Novel|23
Pennsylvania Young Readers' Choice Award for Grades 6-8|23
Phoenix Award|23
California Young Readers Medal for Middle School/Junior High|23
Guardian First Book Award Nominee|23
Literaturpreis der Jury der jungen Leser for Kinderbuch|23
National Book Critics Circle Award for General Nonfiction|23
National Book Award Finalist for Young People's Literature|22
National Book Award for Nonfiction|22
Independent Foreign Fiction Prize Nominee for Shortlist|22
Rogers Writers' Trust Fiction Prize Nominee|22
North East Teenage Book Award Nominee|22
Blue Hen Book Award for Chapter Book|22
Caldecott Medal Nominee|22
John W. Campbell Memorial Award for Best Science Fiction Novel|22
Missouri Gateway Readers Award Nominee|22
Edgar Award Nominee for Best Paperback Original|22
Balrog Award for Best Novel|21
Japan Adventure Fiction Association Prize 日本冒険小説協会大賞特別賞 for Best Translated Novel|21
Nebula Award Nominee for Novel|21
Arthur C. Clarke Award|21
California Young Readers Medal Nominee for Primary|21
New York Drama Critics' Circle Award for Best American Play|21
Prêmio Jabuti Nominee for Adaptação|21
Whitbread Award for First Novel|20
Prix Jean-Monnet de littérature européenne du département de Charente|20
Agatha Award for Best First Novel|20
Scotiabank Giller Prize|20
Winifred Holtby Memorial Prize|20
Grand Canyon Reader Award|20
Nevada Young Readers' Award for Young Reader Category|20
Ars Translationis|19
PEN/Hemingway Foundation Award Nominee|19
Premio Internacional de Novela Rómulo Gallegos|19
Seiun Award 星雲賞 Nominee for Best Foreign Novel|19
Best Children's Books of the Year|19
Pulitzer Prize for Novel|19
CBC Canada Reads Nominee|19
Scott O'Dell Award|19
Oklahoma Sequoyah Award for Children|19
Boston Globe-Horn Book Award|19
Preis der Leseratten des ZDF|18
Golden Archer Award for Intermediate|18
Pulitzer Prize for History|18
Alabama Author Award for Fiction|18
Retro Hugo Award for Best Novella|18
Deutscher Krimi Preis for 3. Platz International|18
Macavity Award Nominee for Best First Mystery Novel|18
Borders Original Voices Award for Fiction|18
Caldecott Medal|18
Red House Children's Book Award|18
Deutscher Jugendliteraturpreis Nominee for Jugendbuch|18
Mythopoeic Fantasy Award|18
Pacific Northwest Library Association Young Reader's Choice Award for Senior|18
Guardian Fiction Award|17
Commonwealth Writers' Prize for Best First Book Overall|17
Michigan Library Association Thumbs Up! Award Nominee|17
Ferro-Grumley Award for Gay Fiction|17
Great Lakes Colleges Association New Writers Award for Fiction|17
Deutscher Krimi Preis for 2. Platz International|17
PEN Translation Prize for John E. Woods|17
North East Teenage Book Award|17
Parenting Book of the Year Award|17
Shamus Award for Best PI Hardcover|17
Miles Franklin Literary Award Nominee|17
Grand Canyon Reader Award for Intermediate Book|17
Locus Award Nominee for Best Single Author Collection|17
Commonwealth Writers' Prize for Best Book in South Asia and Europe|17
Prometheus Award Nominee for Best Novel|17
Australian Book Industry Award|17
Balrog Award for Best Collection/Anthology|16
Ambassador Book Award for American Studies|16
Lillian Smith Book Award|16
Prêmio Jabuti for Tradução|16
Prijs van de Nederlandse Kinderjury for 6-9 jaar en 10-12 jaar|16
Virginia Reader's Choice for Elementary|16
Kinderboekwinkelprijs|16
Locus Award Nominee for Best Collection|16
Coretta Scott King Book Award for Author Honor|16
Gandalf Award|16
Premi Ictineu for Millor novel·la traduïda|16
Governor General's Literary Awards / Prix littéraires du Gouverneur général Nominee for Fiction|16
Geffen Award for Best Translated SF Book|16
Bram Stoker Award for Best Work for Young Readers|16
Locus Award Nominee for All-Time Best Science Fiction Novel|16
Specsavers National Book Award for Children's Book of the Year|16
Stonewall Book Award for Literature|16
Audie Award for Children's Titles|16
Golden Duck Award for Young Adult|16
Bollinger Everyman Wodehouse Prize Nominee for Comic Fiction|16
Premi Protagonista Jove for Categoria 12-13 anys|16
Grammy Award Nominee for Best Spoken Word Album|16
Retro Hugo Award for Best Novel|16
Barry Award for Best Novel|16
California Book Award for Juvenile|16
New South Wales Premier's Literary Award for Christina Stead Prize for Fiction|15
Βραβείο Λογοτεχνικής Μετάφρασης ΕΚΕΜΕΛ for Ισπανόφωνη Λογοτεχνία|15
Premio de traducción literaria Valle Inclán for John Rutherford|15
Independent Foreign Fiction Prize|15
SF Chronicle Award Nominee for Novel|15
South Carolina Book Award Nominee for Young Adult Book Award|15
Kurd-Laßwitz-Preis for Foreign Novel|15
Shamus Award Nominee for Best First PI Novel|15
Will Eisner Comic Industry Awards Nominee for Best Adaptation from Another Medium & Best Humor Publication|15
Barry Award for Best First Novel|15
Anthony Award Nominee for Best Novel of the Century|15
International Fantasy Award for Fiction|15
New Mexico Land of Enchantment Award for Young Adult|15
Grand Prix de l'Imaginaire Nominee for Roman étranger|15
Locus Award for Best First Novel|15
Book Sense Book of the Year Award for Adult Fiction|15
Premio letterario Giuseppe Acerbi|15
Orange Prize for Fiction|15
Whitbread Award for Children's Book of the Year|15
Whitbread Award for Novel|15
RITA Award by Romance Writers of America Nominee for Long Historical Romance|15
Laurence L. & Thomas Winship/PEN New England Award|15
Teen Read Award Nominee for Best All-Time-Fave|14
National Book Award for Children's Books|14
British Book of the Year|14
Audie Award for Solo Narration - Female|14
Geoffrey Faber Memorial Prize|14
Canberra's Own Outstanding List|14
North Carolina Children's Book Award|14
Townsend Prize for Fiction|14
Barry Award Nominee for Best British Crime Novel|14
Premi Protagonista Jove for Categoria 13-14 anys|14
Edgar Award for Best Juvenile|14
Edgar Award Nominee for Best Fact Crime|14
SF Chronicle Award for Novel|14
Hea Lasteraamat|14
Glass Key Award|14
The Best of the Booker Nominee|14
Corine Internationaler Buchpreis for Belletristik|14
Nero Award|14
Metų verstinė knyga Nominee|14
Shamus Award for Best First PI Novel|14
Maine Student Book Award|14
Prix Goncourt des Lycéens|14
Canadian Booksellers Association Libris Award for Fiction Book|14
Hugo Award Nominee for Best All-Time Series|13
Book Sense Book of the Year Award Nominee for Adult|13
Audie Award for Best Audio Drama|13
Zilveren Zoen|13
Locus Award for Best Non-Fiction|13
Pacific Northwest Library Association Young Reader's Choice Award for Junior|13
إمبيرتو|13
RITA Award by Romance Writers of America Nominee for Contemporary Single Title Romance|13
Prix Aurora Award for Best Long Form Work in English|13
National Book Council Banjo Award for Fiction|13
Sunday Express Book of the Year|13
Michael L. Printz Award Nominee|13
NSK Neustadt Prize for Children's Literature Nominee|13
Deutscher Jugendliteraturpreis Nominee for Preis der Jugendjury|13
Whitbread Award for Novel and Book of the Year|13
Los Angeles Times Book Prize for Current Interest|13
Premio Strega|13
The Macallan Gold Dagger for Fiction|13
New York Public Library Young Lions Fiction Award Nominee|13
Premio Il Libro dell'anno|13
Gaylactic Spectrum Award Nominee for Best Novel|13
Beehive Book Award for Children's Fiction|12
ALS Gold Medal|12
Tähtivaeltaja Award Nominee|12
National Book Award Finalist for Translation|12
British Science Fiction Association Award for Best Novel|12
Prijs van de Jonge Jury|12
Victorian Premier's Literary Award for Vance Palmer Prize for Fiction|12
IAFA William L. Crawford Fantasy Award|12
Charlie May Simon Children's Book Award Nominee|12
Premio Ignotus Nominee for Mejor novela extranjera|12
Humo's Gouden Bladwijzer|12
Kiriyama Prize Nominee for Fiction|12
Mekka-prijs|12
John Llewellyn Rhys Prize|12
Sunburst Award Nominee for Canadian Novel|12
South Carolina Book Award for Young Adult Book|12
James Tiptree Jr. Award|12
Thurber Prize Nominee for American Humor|12
Retro Hugo Award Nominee for Best Novel|12
Mythopoeic Fantasy Award for Adult Literature|12
Prix Julia Verlanger|12
Hugo Award for Best Non-Fiction Book|12
Bancroft Prize|12
Tähtifantasia Award Nominee|12
Corine Internationaler Buchpreis for Kinder- und Jugendbuch|12
Read Alone|12
Locus Award Nominee for Best Horror / Dark Fantasy Novel|12
Deutscher Krimi Preis for 1. Platz International|12
Australian Literature Society Gold Medal|12
Jewish Quarterly-Wingate Prize Nominee for Fiction|12
Anthony Award Nominee for Best True Crime|11
Deutscher Jugendliteraturpreis for Kinderbuch|11
Deutscher Bücherpreis for Publikumspreis|11
McKitterick Prize|11
California Book Award for Nonfiction|11
Edward Lewis Wallant Award|11
W.H. Heinemann Award|11
California Book Award for First Fiction|11
National Book Award for General Nonfiction|11
Maryland Black-Eyed Susan Book Award for Grade 4-6|11
Guardian First Book Award Nominee for Longlist|11
Children's Choice Book Award|11
Pulitzer Prize Nominee for Biography or Autobiography|11
Balrog Award Nominee for Best Collection/Anthology|11
Grand Prix des lectrices de Elle for roman|11
Audie Award for Science Fiction|11
Jupiter Award for Best Novel|11
World Fantasy Award Nominee for Best Anthology/Collection|11
Aristeion Prize|11
Coretta Scott King Book Award for Author|11
Agatha Award for Best Novel|11
Nébula|11
Frederic G. Melcher Book Award|11
Puddly Award for Fiction|11
Jane Addams Children's Book Award Nominee for Older Children|11
NBDB National Book Award Nominee for Translation|11
Pennsylvania Young Readers' Choice Award for Grades 3-8|11
Oregon Book Award Nominee for Fiction|11
Shamus Award Nominee for Best PI Novel|11
Book Sense Book of the Year Award for Adult Nonfiction|10
Francis Parkman Prize|10
Locus Award Nominee for Best Anthology|10
Kurd-Laßwitz-Preis Nominee for Bestes ausländisches Werk|10
Rebecca Caudill Young Readers' Book Award Nominee|10
Bram Stoker Award for Best Fiction Collection|10
Endeavour Award Nominee|10
Northern California Book Awards for Fiction|10
Book Sense Book of the Year Award for Children's Literature|10
Puddly Award for Thriller|10
Publieksprijs voor het Nederlandse Boek|10
Falcon Award|10
Judy Lopez Memorial Award for Children's Literature|10
British Fantasy Award Nominee for Best Collection|10
National Book Award Finalist for General Nonfiction|10
Sunday Times/Peters Fraser + Dunlop Young Writer of the Year Award|10
National Book Award for Young People's Literature|10
IRA Children’s and Young Adult’s Book Award|10
Prometheus Award for Best Novel|10
Whittaker Gold Award|10
Svenska Deckarakademins pris för bästa svenska kriminalroman|10
Lambda Literary Award Nominee for Gay Men's Fiction|10
Seiun Award 星雲賞 for Best Translated Long Story|10
Locus Award for Best Collection|10
National Book Critics Circle Award for Biography/Autobiography|10
Creative Freedom Award|10
Society of Midland Authors Award for Adult Fiction|10
Compton Crook Award|10
The CWA Dagger of Daggers Nominee|10
Golden Archer Award|10
Pacific Northwest Library Association Young Reader's Choice Award for Intermediate|10
Iowa High School Book Award|10
National Jewish Book Award for Children's Literature|10
Virginia Reader's Choice for Middle|10
Shamus Award Nominee for Best Original PI Paperback|9
National Book Critics Circle Award Nominee for Criticism|9
The Age Book of the Year|9
Jane Addams Children's Book Award|9
Lambda Literary Award Nominee for Gay Men's Mystery|9
Locus Award for Best SF Novel|9
Michigan Library Association Thumbs Up! Award|9
Prix Relay du Roman d'Evasion|9
National Jewish Book Award for Fiction|9
Zilveren Vingerafdruk|9
Pacific Northwest Library Association Young Reader's Choice Award for Youth|9
Prix du Grand Roman d'évasion|9
Wyoming Indian Paintbrush Nominee|9
Bram Stoker Award for Best First Novel|9
British Science Fiction Association Award Nominee|9
"دار المنى
...more
Literaturpreis der Jury der jungen Leser for Jugendbuch"|9
Grand Prix du Roman de l'Académie française|9
HOLT Medallion by Virginia Romance Writers Nominee for Long Inspirational|9
"Prime Minister of Pakistan's Award for Literature
...less"|9
Geffen Award|9
Duff Cooper Prize|9
Los Angeles Times Book Prize for Poetry|9
Hammett Prize|9
Soaring Eagle Book Award Nominee|9
ASJA Outstanding Book Award|9
Gouden Penseel|9
Stonewall Book Award|9
Spur Award for Best Western Novel|9
Gumshoe Award Nominee for Best First Novel|9
Deutscher Hörbuchpreis for Beste Fiktion|9
Audie Award for Audiobook of the Year|9
SFBC Award|9
Premi Ictineu for Millor antologia fantàstica en català|9
Koret Jewish Book Award for Fiction|9
Locus Award for Best Dark Fantasy/Horror Novel|9
LovelyBooks Leserpreis Nominee for Allgemeine Literatur|9
Book Sense Book of the Year Award Nominee for Children's Literature|9
Indies Choice Book Award for Picture Book Hall of Fame|9
Garden State Book Award|9
Locus Award Nominee for Best First Novel and Best SF Novel|9
California Book Award for General Literature|9
Golden Sower Award for Young Adult|9
Garden State Book Award for Teen Fiction Grades 6-8|9
Sydney Taylor Book Award for Older Readers|9
Prix Bob Morane for roman traduit|9
Ethel Wilson Fiction Prize Nominee|9
Anthony Award for Best Paperback Original|9
Hawthornden Prize|9
Grand Prix de l'Imaginaire for Roman étranger|9
RITA Award by Romance Writers of America Nominee for Romantic Suspense|9
Barry Award Nominee for Best Paperback Original|9
Weatherford Award|9
Maryland Black-Eyed Susan Book Award for High School|9
Buckeye Children's Book Award for Grade 6-8|9
Alabama Author Award for Nonfiction|8
Ferro-Grumley Award for Lesbian Fiction|8
Deutscher Bücherpreis for Internationale Belletristik|8
South Carolina Book Award for Children's Book|8
John Creasey Memorial Award|8
Whitbread Award Nominee for First Novel|8
National Book Award Finalist for Autobiography/Biography|8
Young Hoosier Book Award for 6-8|8
Laura Ingalls Wilder Award|8
New York Public Library Young Lions Fiction Award|8
Minnesota Book Award|8
P.E.A.R.L.|8
Prix Aurora Award Nominee|8
Audie Award Nominee for Audiobook of the Year and Middle Grade|8
International Dublin Literary Award|8
Thomas Raddall Atlantic Fiction Award|8
Kiriyama Prize for Fiction|8
Los Angeles Times Book Prize for Young Adult Literature|8
Barnes and Noble Discover Great New Writers Award|8
Stephen Leacock Memorial Medal|8
Arthur Ellis Award for Best First Novel|8
Stonewall Book Award Nominee for Literature|8
Nevada Young Readers' Award for Young Adult Category|8
Missouri Gateway Readers Award|8
PEN Center USA Literary Award for Translation|8
Rhode Island Teen Book Award|8
Prijs van de Nederlandse Kinderjury for 10-12 jaar en 13-16 jaar|8
Grand Prix des lectrices de Elle for roman policier|8
Commonwealth Writers' Prize for Best Book in South East Asia and Pacific|8
Premi Protagonista Jove for Categoria 16-17 anys|8
Premio Campiello|8
PEN/Robert W. Bingham Prize|8
Bram Stoker Award Nominee for Best First Novel|8
Governor General's Literary Awards / Prix littéraires du Gouverneur général for Children's Literature — Text|8
Soaring Eagle Book Award for 10-12|8
Maryland Black-Eyed Susan Book Award for Book Award|8
South Carolina Book Award for Young Adult Book Award|8
NCR Book Award|8
Guardian First Book Award|8
Nevada Young Readers' Award for Intermediate Category|8
John W. Campbell Memorial Award|8
Prix Femina for Étranger|8
John Burroughs Medal|8
Scott Moncrieff Prize for Barbara Bray|8
Buckeye Children's Book Award for 6-8|8
Younger Readers|8
Pennsylvania Young Readers' Choice Award for Grades 3-6|8
Pacific Northwest Booksellers Association Award|8
Premio de la Crítica de narrativa castellana|8
Cheltenham Prize for Literature|7
Best Writer|7
Sheila A. Egoff Children’s Literature Prize Nominee|7
Pennsylvania Young Readers' Choice Award for Grades 3-5|7
Lefty Award|7
Prix Laure Bataillon|7
Book Sense Book of the Year Award for Paperback|7
John Llewellyn Rhys Prize Nominee|7
Boardman Tasker Prize Nominee for Mountain Literature|7
Nebula Award for Best Novella|7
Kurd-Laßwitz-Preis for Bestes ausländisches Werk|7
Nautilus Book Award for Audio Books & Spoken Word|7
Seiun Award 星雲賞 Nominee for Best Translated Long Form|7
National Book Award Finalist for Science|7
World Fantasy Award Nominee for Best Anthology|7
Yomiuri Prize 読売文学賞 for Fiction|7
National Book Award Finalist for Children's Book|7
Prix Médicis|7
Kerry Group Irish Fiction Award|7
Royal Society Science Book Prize Nominee for General Prize|7
RITA Award by Romance Writers of America Nominee for Paranormal Romance|7
Los Angeles Times Book Prize for Young Adult Fiction|7
William Faulkner Foundation Award|7
Whitbread Award for Children's Book of the Year and Book of the Year|7
Golden Man Booker Prize|7
CWA Best Ever for Crime Novel|7
Whitbread Award for Children's Novel|7
Premio Fastenrath|7
Prix Goya du premier roman|7
Kurd-Laßwitz-Preis Nominee for Bester ausländischer SF-Roman|7
Royal Society Science Book Prize for General Prize|7
Prix Aurora Award Nominee for Best Long-Form Work in English|7
Locus Award Nominee for All-Time Best Novel|7
French-American Foundation Translation Prize for Fiction|7
Audie Award for Mystery|7
Mary Higgins Clark Award Nominee|7
Zilveren Penseel|7
Grammy Award for Best Spoken Word Album|7
Mississippi Institute of Arts and Letters Award for Literature|7
Helen Bernstein Book Award for Excellence in Journalism|7
Cornelius Ryan Award|7
لاک‌پشت پرنده Nominee|7
Scott Moncrieff Prize for Ina Rilke|7
PEN Translation Prize for Prose for Barbara Bray|7
Young Hoosier Book Award Nominee|7
Prix Ritz-Paris-Hemingway|7
Long Island Reads|7
prix Lucien Barrière|7
National Book Award for Children's Literature|7
Premio Viareggio|7
Los Angeles Times Book Prize for Art Seidenbaum Award for First Fiction|7
دار المنى|7
National Book Award Finalist for Children's Literature|7
Anthony Award Nominee for Best Young Adult Mystery|7
Manitoba Young Readers' Choice Award Nominee|6
Asian/Pacific American Award for Literature for Adult Fiction|6
Laurence L. & Thomas Winship/PEN New England Award for Nonfiction|6
David Higham Prize for Fiction|6
Lambda Literary Award for Lesbian Fiction|6
Premio Nadal|6
James Tiptree Jr. Award for Retrospective|6
Commonwealth Writers' Prize Nominee for Best Book in Caribbean and Canada|6
Audie Award for Narration by the Author or Authors|6
Golden Scroll Award|6
Land of Enchantment Book Award|6
Ethel Wilson Fiction Prize|6
Audie Award for Inspirational/Spiritual|6
National Book Award for History|6
Audie Award Nominee for Best Male Narrator|6
Locus Award for All-Time Best Novel|6
Nita B. Kibble Literary Award Nominee|6
Columbia Journalism Award|6
Randy Shilts Award for Gay Nonfiction|6
Golden Sower Award for Intermediate Category|6
HOLT Medallion by Virginia Romance Writers Nominee for Paranormal/Time Travel/Futuristic|6
Anthony Award for Young Adult|6
Amazon.ca First Novel Award|6
Bollinger Everyman Wodehouse Prize for Comic Fiction|6
Los Angeles Times Book Prize for Mystery/Thriller|6
Luisterboek Award Nominee|6
Lord Ruthven Award for Fiction|6
Sunshine State Young Readers Award for Grades 3-5 and Grades 6-8|6
Saturn Award|6
Ohioana Book Award for Fiction|6
Young Hoosier Book Award|6
California Young Readers Medal for Primary|6
National Book Award for Science|6
Złota Sepulka for Książka autora zagranicznego|6
Cena Jaroslava Seiferta|6
Gutenberg Award|6
RITA Award by Romance Writers of America Nominee for Short Historical Romance|6
Publieksprijs voor het Nederlandse Boek Nominee|6
Puddly Award for Travel Writing|6
Puddly Award for Romance|6
Authors' Club Best First Novel Award|6
Keystone to Reading Book Award|6
Deutsch-Italienischer Übersetzerpreis|6
The Keith Barker Millennium Children's Book Awards 'Children's Book of the Century'|6
SF ga Yomitai for Best Translated SF of the Year in Japan|6
Premi Protagonista Jove for Categoria 14-15 anys|6
Favorite Books by Romance Writers of America Nominee for Favorite Books of 2002|6
Colorado Book Award for Young Adult|6
Corine Internationaler Buchpreis for Rolf Heyne Buchpreis|6
Colorado Book Award for Genre Fiction|6
James Tiptree Jr. Award Nominee for Retrospective|6
RITA Award by Romance Writers of America for Best Romance of 1991 & nominee for Best First Book & nominee for Single Title Historical Romance|6
Kniha roku|6
Locus Award for Best First Novel and Nominee for Best Fantasy Novel|6
Manitoba Young Readers' Choice Award|6
Agatha Award Nominee for Best Nonfiction|6
Urhunden Prize for Foreign Album|6
IRA-CBC Teacher's Choice|6
San Diego Theodor S. Geisel Award|6
Norwegian Critics Prize for Children's Literature|6
Japan-U.S. Friendship Commission Prize for the Translation of Japanese Literature|6
Lambda Literary Award Nominee for Gay Men's Science Fiction/Fantasy|6
Thomas Wolfe Memorial Literary Award|6
Hamilton-Brackett Memorial Award|6
Lambda Literary Award for Gay Men's Mystery|6
Bram Stoker Award for Best Non-Fiction|6
Bram Stoker Award for Works for Young Readers|6
Hugo Award Nominee|6
Audie Award for Excellence in Marketing|6
Puddly Award for Writing|6
Ambassador Book Award for Biography|6
Glass Key Award Nominee|6
Oxford-Weidenfeld Translation Prize|6
Anthony Award for Best Novel of the Century|6
New York City Book Award for Memoir|6
Chicago Tribune Heartland Prize for Nonfiction|6
John and Patricia Beatty Award|6
IRA Children’s and Young Adult’s Book Award for Older Reader Category|6
Analog Award for Best Serial Novel or Novella|6
Oklahoma Sequoyah Award for Children and YA|6
Ein Buch für die Stadt|6
QWF|6
Gumshoe Award Nominee for Best European Crime Novel|6
Macavity Award Nominee for Best Nonfiction|6
National Book Critics Circle Award for Criticism|6
Endeavour Award|6
Sidewise Award for Long Form|6
Hugo Award for Best Novella|6
Audie Award for Romance|6
Pegasus Prize for Literature|6
Leipzig Book Award for European Understanding|6
Los Angeles Times Book Prize for Science and Technology|6
National Book Award for Contemporary Thought|6
Premi Llibreter de narrativa|6
Audie Award for Inspirational/Faith-Based Fiction|6
The Charles W. Follett Award|6
Edgar Award for Best Fact Crime|5
Deutscher Bücherpreis for Kinder- und Jugendbuch|5
Lambda Literary Award for Humor|5
The CWA Dagger of Daggers|5
John W. Campbell Memorial Award Nominee|5
Augustpriset for Fiction|5
Puddly Award for Nonfiction|5
Jewish Quarterly-Wingate Prize for Fiction|5
Américas Award|5
National Book Award Nominee for Children's Books|5
RITA Award by Romance Writers of America for Best Inspirational Romance|5
Kids Own Australian Literature Awards|5
Michael L. Printz Award|5
Indiana Young Readers Award|5
James Tiptree Jr. Award Nominee|5
Jane Addams Children's Book Award for Older Children|5
South Carolina Book Award for Children's Book Award|5
Puddly Award for Humor|5
Magnesia Litera for Translation|5
Locus Award for Best Anthology|5
Anthony Award Nominee for Best Critical Work|5
Premi Protagonista Jove for Categoria 15-16 anys|5
Borders Original Voices Award for Nonfiction|5
Boston Author's Club Award|5
William Hill Sports Book of the Year|5
Премія «Сковорода»|5
Massachusetts Book Award Nominee for Nonfiction|5
World Fantasy Award Nominee for Best Novella|5
Lambda Literary Award|5
Bad Sex in Fiction Award|5
Locus Award Nominee for Best Horror Novel|5
National Outdoor Book Award for Classic|5
Hugo Award Nominee for Best SF Novel|5
Analog Award Nominee for All-Time Best Book|5
Christy Award Nominee for Romance|5
August Derleth Award for Best Novel|5
Grande Prémio de Romance e Novela APE/IPLB|5
Will Eisner Comic Industry Awards for Best Continuing Series|5
Prix Tour-Apollo Award|5
Elizabeth Burr / Worzalla Award|5
Deutscher Jugendliteraturpreis Nominee for Kinderbuch|5
Batchelder Award|5
Premio San Clemente for Novela Castelá|5
Scott Moncrieff Prize for Geoffrey Strachan|5
Spur Award for Best Novel of the West|5
Kritikerprisen|5
Ruth and Sylvia Schwartz Children's Book Award|5
De Gyldne Laurbær|5
Locus Award for Best Related Non-fiction|5
Prix du Meilleur Livre Étranger for Essai|5
Nebula Award Nominee|5
Deutscher Jugendliteraturpreis Nominee|5
Boston Globe-Horn Book Award Nominee for Picture Book|5
Premio Planeta|5
Edgar Award for Best Paperback Original|5
جایزه ی نیوبری|5
Nordisk Raads Litteraturpris|5
Aspekte-Literaturpreis|5
Premio Nacional de Narrativa|5
Anthony Award Nominee for Best First Mystery|5
National Book Award Finalist for First Novel|5
Garden State Book Award for Fiction|5
Children's Book Council of Australia Award for Book of the Year: Older Readers|5
PRISM Award by Fantasy|5
Casey Award Nominee|5
British Book Award for Book of the Year|5
The Flume: New Hampshire Teen Reader's Choice Award|5
Colin Roderick Award|5
Samuel Johnson Prize for Non-Fiction Nominee|5
Gustavus Myers Outstanding Book Award|5
Grand Prix de Littérature Policière for Roman étranger|5
Thurber Prize for American Humor|5
Bram Stoker Award for Best Illustrated Narrative|5
Graoully d'Or for Roman étranger|5
Chapman Award for Shared Reading Nominee for Fiction|5
Missouri Gateway Readers Award for Adult|5
Gumshoe Award Nominee for Best Novel|5
Georgia Peach Book Award Nominee for Honor book|4
Prometheus Hall of Fame Award Nominee for|4
Goldener Lufti|4
Banta Award|4
HOMer Award for Best Novel|4
Western States Book Award|4
AKO / ECI Literatuurprijs|4
Prémio D. Diniz da Fundação da Casa de Mateus|4
RSL Encore Award|4
Premio Iberoamericano José Martí|4
Edgar Award for Best Young Adult|4
Premio Morosoli de Oro|4
National Book Award for Religion/Inspiration|4
Locus Award for Best Young Adult Novel|4
World Fantasy Award for Best Collection|4
ECPA Christian Book Award for Christian Book of the Year|4
One Book One San Diego|4
Colorado Book Award for Literary Fiction|4
Premi de la Crítica de narrativa catalana|4
Batchelder Award Nominee|4
The Society for Military History Distinguished Book Award|4
Ockham New Zealand Book Awards for Fiction|4
Coretta Scott King Book Award for Illustrator Honor|4
Best Cover Artist|4
Mishima Yukio Prize 三島由紀夫賞 Nominee|4
Canadian Library Association Young Adult Book Award|4
British Book Award Nominee|4
Commonwealth Writers' Prize for Best First Book in Caribbean and Canada|4
Premio Formentor de las Letras for International|4
British Fantasy Award Nominee for Anthology/Collection|4
Los Angeles Times Book Prize for History|4
California Book Award for Californiana|4
Kaien magazine New Writer Prize|4
Metų verstinė knyga|4
Romantic Novel of the Year|4
Book Sense Book of the Year Award for Adult|4
Grand Canyon Reader Award for Picture Book|4
Mississippi Institute of Arts and Letters Award for Fiction|4
SFX Award for Best Novel|4
Dolly Gray Children's Literature Award|4
Geffen Award for Best Translated Fantasy Book|4
Forward Prize for Best Collection|4
Young Australians' Best Book Award|4
Premio Campiello Nominee|4
National Book Award for Novel|4
Guardian First Book Award Nominee for Also Commended|4
Independent Foreign Fiction Prize Nominee for Longlist|4
Commonwealth Writers' Prize for Best Book in Africa|4
Hilary Weston Writers' Trust Prize for Nonfiction Nominee|4
RSL Encore Award Nominee|4
Arthur Ellis Award for Best Juvenile|4
Sidewise Award Nominee for Alternate History|4
Maryland Black-Eyed Susan Book Award for Picture Book|4
British Science Fiction Association Award Nominee for Best Novel of 1958|4
Premio Etnosur|4
SF Chronicle Award for Best Novel|4
Aurealis Award Nominee for Fantasy Novel|4
Lionel Gelber Prize|4
National Book Award for Children's Book|4
Keystone to Reading Book Award for Intermediate|4
Irma Black Award|4
Marlowe for Best Crime Novel|4
Massachusetts Book Award Nominee for Fiction|4
Library of Virginia Literary Award for Fiction|4
Oregon Book Award for Fiction|4
Booksellers' Best Award|4
Eugene M. Emme Astronautical Literature Award|4
Queensland Premier's Literary Awards for Fiction|4
Puddly Award for New Novel|4
Colorado Children's Book Award|4
Prix Femina|4
Tage der deutschsprachigen Literatur for 3sat-Stipendium|4
SCBWI Golden Kite Award|4
Lionel Trilling Book Award|4
Josette Frank Award|4
International Horror Guild Award Nominee for Best Novel|4
Bremer Literaturpreis for Förderpreis|4
British Book Award for Best Read of the Year|4
International Fantasy Award Nominee for Fiction|4
Book Sense Book of the Year Award for Rediscovery|4
Barry Award for Best British Crime Novel|4
Premio Ignotus for Novela|4
Prix du Festival d'Angoulême for Alph-art du meilleur album étranger|4
Tir na n-Og Award|4
PEN/Martha Albrand Award for First Nonfiction Writers|4
Chicago Publishers' Award|4
W.H. Smith's Mind-Boggling Books Award|4
Nihon University Department of Arts Prize|4
Lambda Literary Award Nominee for Gay Men's Nonfiction|4
Puddly Award for Short Stories|4
Premio Morosoli de Plata de Literatura|4
PEN Translation Prize for Gregory Rabassa|4
Whitbread Award for Poetry and Book of the Year|4
Puddly Award for Novel|4
Dutton Animal Book Award|3
Christianity Today Book Award for Book of the Year|3
Lambda Literary Award for Gay Men's Fiction|3
Premio Herralde de Novela|3
Preis der Gruppe 47|3
Audie Award for Multi-Voiced Performance|3
Orange Prize Nominee for Fiction|3
Flora Stieglitz Straus Award|3
RITA Award by Romance Writers of America Nominee for Short Contemporary Series Romance|3
Australian Booksellers Association Book of the Year|3
Boston Globe-Horn Book Award Nominee for Picture Book - Honor Book|3
Prix Masterton for Roman traduit|3
Chesley Award Nominee for Hardback cover|3
Minnesota Book Award for Older Children|3
National Cowboy Hall of Fame Western Heritage Award for Western Novel|3
Prix Jacques-Chardonne|3
Whitbread Award for Children's Book|3
Hugo Award Nominee for Best Novella|3
Αρώνειο Έπαθλο Ενώσεως Σμυρναίων|3
PEN Translation Prize for Ralph Manheim|3
O. Henry Award for 'A Silver Dish'|3
Schlegel-Tieck Prize for John E. Woods|3
The Macallan Silver Dagger for Fiction|3
Pulitzer Prize for Poetry|3
Deutscher Jugendliteraturpreis for Preis der Jugendjury|3
Schlegel-Tieck Prize for Breon Mitchell|3
RITA Award by Romance Writers of America for Best Long Historical Romance|3
Edgar Award for Best Critical/Biographical|3
Time Travel|3
Society of Midland Authors Award Nominee for Adult Fiction|3
Libris Literatuurprijs Nominee|3
Locus Award Nominee for All-Time Best SF Novel before 1990|3
Nero Award for excellence in the mystery genre|3
AKO / ECI Literatuurprijs Nominee|3
William James Book Award|3
Sunshine State Young Readers Award for Grades 6-8|3
Western Australian Premier's Book Award|3
Vlag en Wimpel Griffeljury|3
Asian/Pacific American Award for Literature for Children and Young Adult Honor|3
Minnesota Book Award for Fantasy & Science Fiction|3
OKRWA National Readers Choice Award for Inspirational|3
Aurealis Award Nominee for Best Young Adult Novel|3
Picture Books|3
Saltire Society Literary Award for Scottish First Book of the Year|3
Crossword Book Award for Fiction|3
Audie Award for Audiobook Adaptation|3
Silberner Lufti|3
Gaylactic Spectrum Award for Best Novel|3
CWA International Dagger Nominee|3
Shamus Award for Best PI Paperback Original|3
Locus Award Nominee|3
CWA Ellis Peters Historical Award|3
Japan Adventure Fiction Association Prize 日本冒険小説協会大賞特別賞 for  Best Translated Novel|3
HOLT Medallion by Virginia Romance Writers Nominee for Short Contemporary|3
Isaac Deutscher Memorial Prize|3
Arthur Ellis Award for Best Novel|3
Paranormal|3
Hugo Award Nominee for Best novel|3
RITA Award by Romance Writers of America Nominee for Inspirational Romance|3
Fantasy|3
"Locus Award Nominee for Best Collection and Best Novella for ""Labyrinth"""|3
Village Voice Book of the Year|3
Geoffrey Bilson Award for Historical Fiction for Young People Nominee|3
Harvey Awards for Best Graphic Album of Previously Published Material AND nominated for Special Award for Excellence in Presentation|3
RITA Award by Romance Writers of America Nominee for Single Title Contemporary Romance|3
New York Drama Critics' Circle Award for Best Play|3
Ruth and Sylvia Schwartz Children's Book Award for Adult Middle Reader|3
National Book Award Finalist for Children's Fiction|3
SF Chronicle Award Nominee for Best Novel|3
Clara Ingram Judson Memorial Award|3
Scott Moncrieff Prize for David Coward|3
Mark Lynton History Prize|3
National Book Award Finalist for Biography|3
Heart & Scroll Madcap Award for Historical|3
Prix Goncourt du premier roman|3
Nebula Award Nominee for Best Novella|3
CBC Canada Reads|3
RITA Award by Romance Writers of America for Best Single Title Historical Romance|3
Helen and Kurt Wolff Translator's Prize for Margot Bettauer Dembo|3
Favorite Books by Romance Writers of America Nominee|3
Femina - Vie Heureuse Prize|3
Bord Gáis Energy Irish Book Award for Hughes & Hughes Irish Novel of the Year|3
Beacon of Freedom Award|3
Hurston/Wright Legacy Award for Debut Fiction|3
Premi de la Crítica Serra d'Or for novel·la|3
OKRWA National Readers Choice Award for Futuristic|3
Harold Morton Landon Translation Award|3
Anthony Award for Best Short Story Collection|3
NMBA Richard Harris Award|3
HOLT Medallion by Virginia Romance Writers for Paranormal/Time Travel/Futuristic|3
HOLT Medallion by Virginia Romance Writers Nominee for Long Historical|3
Commonwealth Writers' Prize for Best First Book in South East Asia and Pacific|3
Lincoln Prize|3
Irma Black Award Nominee|3
Macavity Award Nominee for Best Critical/Biographical|3
Minnesota Book Award for Mystery & Detective|3
O. Henry Award for 'A Small|3
Premio Ignotus for Novela extranjera|3
Finlandia Prize Nominee|3
Gouden Ezelsoor|3
Vermont's Picture Book Awards: Red Clover|3
WILLA Literary Award Nominee for Contemporary Fiction|3
Canada-Japan Literary Award|3
Grand Canyon Reader Award for Grand Canyon Reader Award for Teen Book 1996|3
Mississippi Institute of Arts and Letters Award for Nonfiction|3
Hurston/Wright Legacy Award Nominee for Fiction|3
Hubert Evans Non-Fiction Prize Nominee|3
Seiun Award 星雲賞 Nominee for Best Japanese Novel|3
Prometheus Hall of Fame Award Nominee|3
Locus Award Nominee for Fantasy|3
Lincoln Award|3
Aurianne Award|3
Thomas Cook Travel Book Award|3
Ficção Científica ou Terror Publicado em Língua Portuguesa|3
Puddly Award for Mystery|3
Coretta Scott King Book Award for Illustrator|3
RITA Award by Romance Writers of America for Best Paranormal Romance|3
2012)|3
WILLA Literary Award for Contemporary Fiction|3
Branford Boase Award|3
National Book Award for Biography and Autobiography|3
Sunburst Award for Canadian Novel|3
T.S. Eliot Prize for Poetry|3
Aurealis Award for Young Adult Novel and Best Fantasy Novel|3
Agatha Award Nominee for Best Childrens Young Adult|3
Pura Belpré Award Nominee for Narrative|3
Grand Prix de l'Imaginaire Nominee for Roman jeunesse|3
Kurd-Laßwitz-Preis for Bester ausländischer SF-Roman|3
Minnesota Book Award for Popular Fiction|3
Premio Internacional de la Prensa|3
UBL Literary Award for Urdu Translation|3
Good Thing'|3
"Analog Award for Best Novella/Novelette for ""Labyrinth"""|3
Kurd-Laßwitz-Preis Nominee for Bestes ausländischer SF-Roman|3
Ditmar Award Nominee for Best Novel|3
Audie Award for Audio Drama|3
Valtion kirjallisuuspalkinto|3
Book Sense Book of the Year Award Nominee for Children|3
Salon Book Award|3
Los Angeles Times Book Prize for Science & Technology|3
New York Drama Critics' Circle Award Nominee for Best American Play|3
Dimar Award Nominee for Best International Long Fiction|3
Will Eisner Comic Industry Awards for Best Comics-Related Book|3
Private Eye Writers of America Best First Private Eye Novel Contest|3
Grand Prix RTL-Lire|3
Premio Ignotus|3
Hurston/Wright Legacy Award Nominee for Debut Fiction|3
Seiun Award 星雲賞 Nominee for Best Overseas Novel|3
Bokhandlerprisen|3
Anthony Award for Best True Crime|3
Premio Quinto Sol|3
Geoffrey Bilson Award for Historical Fiction for Young People|3
Golden Man Booker Prize Nominee|3
CNA Literary Award|3
Commonwealth Writers' Prize for Best First Book in South Asia and Europe|3
Lambda Literary Award for Science Fiction/Fantasy|3
New South Wales Premier's Literary Award for Ethel Turner Prize for Young People's Literature|3
WILLA Literary Award for Historical Fiction|3
National Book Award for Translation|3
Georgette Heyer Historical Novel Prize|3
The Other Award|3
Retro Hugo Award Nominee for Best Novella|3
"Analog Award Nominee for Best Novella/Novelette for ""The Mick of Time"""|3
Laurel Wreath Award|3
Multatuliprijs|3
Prix Littéraire de la Vocation|3
Agatha Award for Best Nonfiction|3
James Tait Black Memorial Prize for Biography|3
Kiriyama Prize Nominee for Nonfiction|3
James Tiptree Jr. Award Nominee for Classics|3
National Book Award Finalist for Contemporary Affairs|3
RITA Award by Romance Writers of America for Best Contemporary Single Title|3
Theakston Old Peculier Crime Novel of the Year Nominee|3
O. Henry Award for 'People Like That Are the Only People Here'|3
Hugo Award Nominee for Best Related Work|3
Laurence Olivier Award for Best New Play|3
Christy Award for Romance|2
OMAR Children's Book Award|2
ECPA Christian Book Award for Biography/Autobiography|2
Golden Duck Award for Middle Grades|2
RITA Award by Romance Writers of America for Best Contemporary Single Title & RWA's Favorite Book of 1997|2
Nikkei Asia Prizes|2
Hugo Award Nominee for Best Short story|2
Macavity Award Nominee for Best Novel|2
Schlegel-Tieck Prize for Joyce Crick|2
RITA Award by Romance Writers of America Nominee for Regency Romance|2
Prix Renaudot des lycéens|2
HOMer Award Nominee for Best Novel|2
John H. Dunning Prize in American History|2
"Inc."""|2
Hugo Award Nominee for Best Related Non-Fiction Book|2
Sheila A. Egoff Children’s Literature Prize|2
Prix des Deux-Magots|2
Casey Award|2
W.Y. Boyd Literary Award for Excellence in Military Fiction|2
"Agatha Award for Best Short Story for ""Deborah's Judgment"" by Margaret Maron"|2
Puddly Award for History|2
ECPA Christian Book Award|2
Best Graphic Album|2
Society of Midland Authors Award for Children's Fiction|2
Audie Award for Humor|2
National Book Award for Non-Fiction|2
"Child Magazine Best Book of the Year
...more
Sunshine State Young Readers Award for Grades 3-5 and Grades 6-8"|2
Ockham New Zealand Book Awards for Deutz Medal for Fiction or Poetry|2
SF Chronicle Award|2
National Book Award Finalist for History and Biography|2
Lambda Literary Award for Small Press|2
"Hugo Award for Best Novelette for ""Gold"""|2
NCTE Orbis Pictus Honor Book|2
CWA Gold Dagger Award|2
Charlotte Zolotow Award Nominee for Highly Commended Title|2
RITA Award by Romance Writers of America Nominee for Traditional Series Romance|2
Vondel Prize for Ina Rilke|2
Book Sense Book of the Year Award Nominee for Children's Illustrated|2
"Retro Hugo Award Nominee for Best Novella for ""Magic"|2
Locus Award for Novella|2
Benjamin Barondess Award|2
Society of Midland Authors Award for Adult Nonfiction|2
Best Single Issue|2
Alabama Author Award for Young Adult|2
Kentucky Bluegrass Award for K-3|2
POPULAR-The Star Readers’ Choice Awards Nominee for Fiction|2
Society of Midland Authors Award for Children's Nonfiction|2
W.A. Young Readers Book Award|2
Best Graphic Album–Reprint|2
Mary Shelley Award for Outstanding Fictional Work|2
Early Readers|2
Giải thưởng Hội Nhà Văn Việt Nam|2
HOMer Award for Best Science Fiction Novel|2
Prometheus Hall of Fame Award Nominee for Best SF Novel|2
Premio Tomasi di Lampedusa|2
Premio Ignotus for Mejor novela extranjera|2
Spur Award for Best Juvenile Fiction|2
Best Artist or Penciller|2
RITA Award by Romance Writers of America Nominee for Best First Book|2
RITA Award by Romance Writers of America for Best First Book|2
Orwell Prize Nominee|2
California Book Award for Young Adult|2
Bill Duthie Booksellers’ Choice Award Nominee|2
Lambda Literary Award for Young Adult / Children's Book|2
"Locus Award Nominee for Best Novelette for ""Gold"""|2
Buckeye Children's Book Award for K-2|2
National Book Critics Circle Award Nominee for Poetry|2
Society of Midland Authors Award Nominee for Adult Nonfiction|2
James Fenimore Cooper Prize|2
Phantom's Choice Book Award|2
Friedrich-Glauser-Preis Nominee for Kriminalroman|2
Gumshoe Award for Best First Novel|2
BTBA Best Translated Book Award Nominee for Fiction shortlist|2
Prêmio Machado de Assis|2
Prêmio Jabuti|2
Blue Peter Book Award for Best Book to Keep Forever|2
SF Chronicle Award for Best Short Story|2
Locus Award Nominee for Best Anthology/Collection|2
Rogers Writers' Trust Fiction Prize|2
New South Wales Premier's Literary Award for Script Writing Award|2
Vuoden johtolanka|2
SFBC Award Nominee for Book of the Year|2
Futuristic and Paranormal Special Interest Chapter of RWA for Best Light Paranormal|2
RUBY Award by Romance Writers of Australia|2
Prix Rosny-Aîné|2
Lauer Lufti|2
Prometheus Award Nominee for Best Libertarian Science Fiction Novel|2
Canadian Booksellers Association Libris Award for Non‐Fiction Book|2
Child Magazine Best Book of the Year|2
"Locus Award Nominee for Best Novelette for ""Have You Heard the One ... ?"""|2
Bronzener Lufti|2
Australian/Vogel's Literary Award|2
RITA Award by Romance Writers of America Nominee for Best Romance of 1998|2
Virginia Reader's Choice for High|2
Saltire Society Literary Award for Scottish Book of the Year|2
Le Blanc Award Nominee for Melhor Romance Estrangeiro de Fantasia|2
Irish Times Irish Literature Prize for Fiction|2
Southern Arts Literature Prize|2
Prix de l’Amitié franco-arabe|2
PEN Open Book Award|2
Pulitzer Prize for Letters Award|2
International Horror Guild Award for Nonfiction|2
Lambda Literary Award for Biography/Autobiography|2
RITA Award by Romance Writers of America for Best Short Historical|2
National Book Award for Arts and Letters|2
Premio Italia Nominee for Best International Novel|2
OKRWA National Readers Choice Award for Short Historical|2
Fairlight Talking Book of the Year NSW for Best Book|2
The Oliver C. Cox Anti-Racism Award|2
John Esten Cooke Fiction Award|2
Locus Award for Best Horror Novel|2
RITA Award by Romance Writers of America Nominee for Long Contemporary Romance|2
Tomás Rivera Mexican American Children’s Book Award|2
Premio de traducción literaria Valle Inclán for Anne McLean|2
Audie Award for Best Male Narrator|2
Lambda Literary Award for Lesbian Science Fiction/Fantasy/Horror|2
Premio Ignotus Nominee for Mejor cuento extranjero|2
Colby Award|2
John Steptoe New Talent Award for Author|2
Prix Renaudot|2
Michael Shaara Prize for Civil War Fiction|2
Tasmania Pacific Region Prize|2
"Longitude 77° 00' 13"" W"""|2
Βραβείο Λογοτεχνικής Μετάφρασης ΕΚΕΜΕΛ Nominee for Γαλλόφωνη Λογοτεχνία|2
OLA Evergreen Award|2
RBL Romantica Hughie Award for Best Parnormal|2
J. Gordon Coogler Award for the worst book of the year|2
Premi Lletra d'Or|2
HOLT Medallion by Virginia Romance Writers Nominee for Mainstream/Single Title|2
Lambda Literary Award for Science Fiction/Fantasy/Horror|2
Stephen Crane Award for First Fiction|2
American Indian Youth Literature Award for Best Middle School Book|2
WILLA Literary Award Nominee for Historical Fiction|2
PEN Translation Prize for Tim Wilkinson|2
Carl Sandburg Award|2
Warner Aspect First Novel Contest|2
Premi Joan Crexells de narrativa|2
"Analog Award Nominee for Best Novella/Novelette for ""Have You Heard the One ... ?"""|2
Kääntäjien valtionpalkinto|2
ECPA Christian Book Award Nominee for Fiction|2
Cena Akademie SFFH for Kniha roku|2
Prix du Festival d'Angoulême Nominee for Alph-art du meilleur scenario|2
Susanne K. Langer Award for Outstanding Scholarship in the Ecology of Symbolic Form|2
National Book Award Finalist for First Work of Fiction|2
Futuristic and Paranormal Special Interest Chapter of RWA|2
Prix RTL grand public|2
|2
Massachusetts Book Award for Fiction|2
Lambda Literary Award for Gay Men's Nonfiction|2
Pulitzer Prize Nominee for History|2
Ditmar Award Nominee for Short Fiction|2
Minnesota Book Award for Mystery|2
The Children's Book Award from the Vienna House of Literature|2
National Book Award for Children's Picture Books|2
Mountains and Plains Booksellers Association Regional Book Award for Best Novel|2
Mitten Award Nominee for Honor Book|2
da antiga Prefeitura do Distrito Federal|2
William Saroyan International Prize for Writing for Fiction|2
McNally Robinson Book of the Year Award|2
National Book Award for Children's Fiction|2
Philip K. Dick Award for Special Citation|2
American Bar Association Silver Gavel Award for Books|2
New York Drama Critics' Circle Award for Best  Play|2
Kiriyama Prize|2
Gumshoe Award Nominee for Best Mystery|2
National Book Council Banjo Award for Non-Fiction|2
Seiun Award 星雲賞 for Best Nonfiction|2
Boardman Tasker Prize for Mountain Literature|2
Lambda Literary Award Nominee for Lesbian Fiction|2
Prix des Libraires|2
Tähtifantasia Award|2
Sydney Taylor Book Award|2
Prêmio Jabuti for Romance|2
BMO Winterset Award|2
Jewish Quarterly-Wingate Prize|2
Tidningen Vi:s litteraturpris|2
Peter Pan Award|2
Prix France-Liban de l'ADELF|2
Will Eisner Comic Industry Awards for Best Publication Design|2
"da Câmara Brasileira do Livro
...less"|2
Κρατικό Βραβείο Λογοτεχνικής Μετάφρασης for Μετάφραση Έργου Ξένης Λογοτεχνίας στην Ελληνική Γλώσσα|2
"Analog Award Nominee for Best Novella/Novelette for ""Gold"""|2
Seiun Award 星雲賞 Nominee for Best Translated Novel|2
Prêmio Carmem Dolores Barbosa|2
Locus Award for Best Art of Illustrated Book|2
Will Eisner Comic Industry Awards for Best Serialized Story|2
Nebula Award Nominee for Best Short story|2
Bremer Literaturpreis|2
Shaughnessy Cohen Prize for Political Writing|2
PEN Translation Prize for Margaret Jull Costa|2
Prix européen de l’essai Charles Veillon|2
Soaring Eagle Book Award for 7-9|2
Pura Belpré Award for Narrative|2
American Revolution Round Table Award|2
Boekenleeuw|2
Askew's Children's Book Award|2
Premio Rapallo|2
Aurealis Award for Fantasy Novel and Young Adult Novel|2
National Book Award Finalist for Autobiography/BiographyHardcover|2
Texas Bluebonnet Award Nominee|2
Minnesota Book Award for Young People’s Fiction|2
Vlag en Wimpel Penseeljury|2
NCTE Orbis Pictus Award|2
Nestlé Smarties Book Prize for 9–11 Years|2
National Book Award Finalist for Mystery|2
Barry Award for Best Paperback Original|2
Premi Ciutat de Barcelona|2
Prêmio Paula Brito|2
Los Angeles Times Book Prize for Best First Mystery Novel|2
Spur Award for Best Nonfiction Historical|2
Helen and Kurt Wolff Translator's Prize for Anthea Bell|2
Harvey Awards Nominee for Best Graphic Album of Previously Published Material|2
National Book Award for Poetry|2
Oregon Book Award for Nonfiction|2
Mark Twain Award|2
Premio San Clemente for Novela Galega|2
Best Writer/Artist|2
Tanizaki Prize 谷崎潤一郎賞|2
Audie Award for Best Unabridged Fiction|2
Sahitya Akademi Award|2
Audie Award for Biography/Memoir|2
Rocky Mountain Book Award|2
Kiriyama Prize for Nonfiction|2
Drama Desk Award for Outstanding New Play|2
Kate Greenaway Medal|2
Nebula Award Nominee for Best Novelette|2
Minnesota Book Award for Novel & Short Story|2
SCBWI Golden Kite Award for Fiction|2
Koret Jewish Book Award for Biography|2
Puddly Award for Memoir|2
Schlegel-Tieck Prize Nominee for Patrick Bridgwater|2
Locus Award Nominee for Best Short Story|2
Orange Prize Nominee for Longlist|2
"Prêmio Luísa Cláudia de Sousa
...more
do PEN Clube do Brasil"|2
BTBA Best Translated Book Award Nominee for Fiction Longlist|2
Missouri Gateway Readers Award for Young Adult|2
Prix du Festival d'Angoulême for Alfred du meilleur album étranger|2
Best Artist|2
Best Limited Series|2
Spur Award for Best Juvenile|2
Stonewall Book Award Nominee for Non-Fiction|2
Dirk Martensprijs|2
Listen-Up Award|2
HOLT Medallion by Virginia Romance Writers Nominee for Mainstream Single-Title|2
Locus Award Nominee for Best Short Fiction|2
Samuel Johnson Prize for Non-Fiction|2
Sir Peter Kent Conservation Book Prize|2
Sách Hay|2
Massachusetts Book Award Nominee for Young Adult Literature|2
Great Lakes Book Award Nominee for Nonfiction Shortlist|2
Commonwealth Writers' Prize for Best Book|2
Will Eisner Comic Industry Awards for Best Publication for Teens/Tweens|2
Ambassador Book Award for Autobiography|2
Spur Award for Best Nonfiction|2
Autobiography or Literary Study|2
Prix Aurora Award for Best Long-Form Work in English|2
Whitbread Award for First Novel and Book of the Year|2
CWA Gold Dagger Award for Non Fiction|2
Ned Kelly Award Nominee for Best Novel|2
John Florio Prize for Martin McLaughlin|2
"Premio Ignotus Nominee for Mejor cuento extranjero for ""Gold"""|2
RITA Award by Romance Writers of America Nominee for First Book|2
Ruth Hadden Memorial Award|2
Prix Méditerranée|2
Premi Protagonista Jove Nominee for Categoria 13-14 anys|2
J. Anthony Lukas Book Prize|2
RBC Taylor Prize|2
William Saroyan International Prize for Writing Nominee for Fiction|2
HOLT Medallion by Virginia Romance Writers|2
Premio de la Crítica de narrativa gallega / Premio da Crítica de narrativa galega|2
Ezra Jack Keats Book Award for New Writer|2
Grand Prix de l'Imaginaire for Traduction|2
Commonwealth Writers' Prize for South East Asia and Pacific|2
Beehive Book Award for Young Adult Fiction Book|2
Premio Grinzane Cavour Nominee for Narrativa Italiana|2
"the Lamps of His Mouth"""|2
Wirral Paperback of the Year|2
Hugo Award Nominee for Best Nonfiction Book|2
Beehive Book Award for Young Adult Book|2
SF Chronicle Award Nominee for Best SF Novel|2
O. Henry Award for 'Lily'|2
Commonwealth Writers' Prize Nominee for Best Book in  South Asia and Europe|2
Locus Award Nominee for Best First Novel and Best Horror Novel|2
The Louis J. Battan Author's Award for Adult|2
Geffen Award for Best Translated YA Book|2
Prêmio Jabuti for Produção editorial|2
Evening Standard Award for Best Play of the Year|2
Fraunces Tavern Museum Book Award|2
California Book Award for First Novel|2
Society of Midland Authors Award for Nonfiction|2
New South Wales Premier's Literary Award for Douglas Stewart Prize for Non-Fiction|2
Northern California Book Awards|2
Children’s Peace Literature Award|2
HOLT Medallion by Virginia Romance Writers Nominee for Traditional|2
Goethe Prize|2
Corine Internationaler Buchpreis for Weltbild Leserpreis|2
برنده جایزه آریلیس|2
Goodreads Choice Award Nominee for Fiction|2
CWA Ellis Peters Award Nominee for Historical Crime Fiction|2
جایزه ادبی مهرگان for مهرگان علم|2
Book Sense Book of the Year Award Nominee|2
Australian Multicultural Children's BOTY Award|2
Lambda Literary Award Nominee for Science Fiction/Fantasy|2
Hugo Award for Best Short Story for “Kirinyaga”|2
Best New Series|2
Nebula Award for Best Novelette|2
PEN/Martha Albrand Award for the Art of the Memoir|2
Buckeye Children's Book Award for 3-5|2
British Columbia National Award for Canadian Non-Fiction Nominee|1
HOLT Medallion by Virginia Romance Writers for Paranormal|1
Audie Award for Poetry|1
Kentucky Bluegrass Award for 3-5|1
Christy Award Nominee for International Historical|1
Will Eisner Comic Industry Awards Nominee for Best Reality-Based Work|1
Arkansas Diamond Primary Book Award|1
One Book One San Diego for Children's Companion Title|1
Mythopoeic Fantasy Award for Children’s Literature|1
Retailer's Choice Award for Inspirational Fiction Novel|1
Children's Book Council of Australia Award Nominee for Picture Book of the Year - Highly Commended|1
"Hugo Award Nominee for Best Novella for ""Seventy-Two Letters"""|1
O. Henry Award for 'What You Pawn I Will Redeem'|1
Desert Rose Golden Quill Award for Best First Book|1
RITA Award by Romance Writers of America Nominee for First Book & Nominee for Paranormal Romance|1
Premio de traducción literaria Valle Inclán for Nick Caistor|1
Prijs van de Vlaamse Gemeenschap voor Proza|1
Gumshoe Award Nominee for Best Thriller|1
James Tait Black Memorial Prize|1
"Retro Hugo Award for Best Novella for ""The Man Who Sold the Moon"""|1
Victorian Premier's Literary Award for Nettie Palmer Prize for Non-Fiction|1
Prix Roger-Nimier|1
Le Blanc Award for Melhor Romance Estrangeiro de Fantasia|1
"Locus Award Nominee for Best Anthology and Best Novella for ""Seventy-Two Letters"""|1
Nita B. Kibble Literary Award|1
"HOMer Award Nominee for Novelette for ""Another Story"""|1
"HOMer Award Nominee for Best Novella for ""Story of Your Life"""|1
Premio Alberto Moravia|1
Premio Grinzane Cavour for Narrativa Italiana|1
Nynorsk litteraturpris|1
Heart & Scroll Madcap Award|1
منحة غونكور للرواية الأولى|1
HOLT Medallion by Virginia Romance Writers Nominee for Paranormal|1
Prix du Festival d'Angoulême for Prix du premier album|1
Soeurette Diehl Fraser Award for Best Translation|1
Golden Medallion by Romance Writers of America Nominee for Contemporary Romance over 80|1
Prix Aurora Award for Meilleur livre en français|1
The ESFS Award for Novel|1
Brooker Award|1
British Science Fiction Association Award for Special Award|1
New York City Book Award for Biography|1
O. Henry Award for 'The Pugilist at Rest'|1
O. Henry Award|1
"Theodore Sturgeon Memorial Award for ""Forgiveness Day"""|1
Prémio Pessoa|1
Finlandia Prize|1
Newfoundland and Labrador Book Awards for Fiction|1
Hilary Weston Writers' Trust Prize for Nonfiction|1
Whitbread Award for Biography|1
Locus Award Nominee for Best Novella|1
Iowa Short Fiction Award|1
"James Tiptree Jr. Award Nominee for Longlist for ""Forgiveness Day"""|1
Locus Award for Best First Novel and Nominee for Best SF Novel|1
"Theodore Sturgeon Memorial Award Nominee for ""Another Story or A Fisherman of the Inland Sea"""|1
The Hughes & Hughes Literary Award|1
Kentucky Bluegrass Award|1
"Locus Award Nominee for Best Short Story for ""The Crystal Spheres"""|1
Locus Award Nominee for Fantasy Novel|1
Golden Duck Award Nominee|1
Nestlé Smarties Book Prize for 9 – 11 Years|1
Rudolf Koivu -palkinto|1
Anni Swan -mitali|1
Children's Book Council of Australia Award for Picture Book of the Year - Joint Winner|1
Walt Whitman Award|1
Mountains and Plains Booksellers Association Regional Book Award|1
Międzynarodowa Nagroda Literacka im. Janusza Korczaka|1
Ruth and Sylvia Schwartz Children's Book Award for Children's Picture Book|1
Lambda Literary Award for Best Lesbian Fiction|1
Daphne du Maurier Award of Excellence|1
National Book Award Finalist for Arts and Letters|1
Buckeye Children's Book Award for 4-8|1
RITA Award by Romance Writers of America for Best Contemporary Single Title & nominee for Best Romance of 1998|1
Deutscher Jugendliteraturpreis for Sachbuch|1
Lambda Literary Award for Editor's Choice|1
"Nebula Award Nominee for Best Novelette for ""Burning Chrome"""|1
Ruth Lilly Poetry Prize|1
Will Eisner Comic Industry Awards for Best Graphic Album|1
Georgia Children's Book Award|1
John Simmons Short Fiction Award|1
Library of Congress Children's Book Award|1
Boston Globe-Horn Book Award for Fiction Honor Book|1
Deutscher Jugendliteraturpreis|1
本屋大賞 Nominee for Translated Fiction|1
SF Chronicle Award Nominee for Best Novella|1
"Analog Award Nominee for Best Novella/Novelette for ""The Locusts"""|1
Le Blanc Award Nominee for Melhor Antologia Estrangeira de Fantasia|1
Noma Literary Prize 野間文芸賞 for New Face Prize|1
Best Continuing or Limited Series|1
Harvey Awards for Best US Edition of Foreign Material|1
Winter Rose Award of Excellence|1
"Hugo Award Nominee for Best Novelette for ""Guardians"""|1
Eric Hoffer Book Award Nominee for General Fiction|1
& Best Cartoonist|1
Locus Award Nominee for All-Time Best SF Novel|1
National Book Award for Science Fiction|1
"World Fantasy Award for Best Anthology/Collection and Nominee for Best Short Fiction for ""Children of the Kingdom"""|1
Caughey Western History Prize|1
J. A. Hollon palkinto|1
Blue Hen Book Award|1
Premio Torrente Ballester|1
SF Chronicle Award for Best Novelette|1
"Nebula Award Nominee for Best Short Story for ""Shatterday"""|1
Pushcart Prize|1
Daphne du Maurier Award for Suspense|1
Anthony Award for Best Critical Work|1
John K. Fairbank Prize|1
Judy Grahn Award Nominee|1
Booker Prize for The Lost Man Booker Prize|1
South Florida Sun-Sentinel for Best Mysteries|1
Premi Protagonista Jove Nominee for Categoria 16-17 anys|1
Historical or Journalistic Presentation & Best Writer|1
Deutscher Krimi Preis for 2. Platz National|1
Grand Prix de l'Imaginaire|1
"Nebula Award for Best Novella for ""Story of Your Life"""|1
The E.H. McCormick Award Best First Book|1
Writers’ League of Texas Teddy Award|1
Christianity Today Book Award|1
Ambassador Book Award for American Arts & Letters|1
Premio Bancarelino|1
National Book Award for Biography|1
American Institute of Physics Science Writing Award|1
Edgar Award Nominee for Best Young Adult|1
گنکو|1
Sunshine State Young Readers Award for Grades 3-5|1
Akateemisen kirjakaupan myydyin esikoisteos|1
Foreword INDIES Book of the Year Award Nominee for Fiction|1
Lambda Literary Award for Lesbian Mystery|1
Icelandic Literary Prize Nominee for Fiction|1
Human Rights Literature and Other Writing Award|1
"Nebula Award Nominee for Best Short Story for ""None So Blind"""|1
O. Henry Award for 'Puttermesser Paired'|1
"Nebula Award Nominee for Best Short Story for ""Dori Bangs"""|1
Premi Ramon Llull|1
"Balrog Award Nominee for Best Short Fiction for ""Children of the Kingdom"""|1
Pearl Award Winner|1
Favorite Books by Romance Writers of America Nominee for Favorite Books of 2001|1
New Mexico Young Readers Award|1
Scottish Arts Council Book of the Year Award|1
Harvey Awards for Best Writer|1
Elsa Beskow-plaketten|1
Boston Globe-Horn Book Award for Picture Book|1
James A. Rawley Prize|1
"Balrog Award Nominee for Best Short Fiction for ""Grail"""|1
Prix de la critique|1
Национална награда „Христо Г. Данов“ for Преводна художествена литература|1
Young Readers' Choice Award Nominee|1
Premio Ignotus Nominee for 	Mejor novela extranjera|1
OKRWA National Readers Choice Award for Single Title Contemporary|1
ACFW Carol Award|1
"Locus Award Nominee for Best Novelette for ""San Diego Lightfoot Sue"""|1
Avery O. Craven Award|1
Prix du Festival d'Angoulême for Alph-art du meilleur album|1
Premio Ignotus for Mejor antología|1
Whitbread Award Nominee for Children's Book|1
EU Descartes Prize for science communication|1
Best Colorist|1
"Locus Award Nominee for Best Anthology and Best  Short Story for ""The Story So Far"""|1
Locus Award Nominee for Best Young Adult Book|1
HOLT Medallion by Virginia Romance Writers for Short Historical|1
Will Eisner Comic Industry Awards for Best Graphic Album–New|1
Helen and Kurt Wolff Translator's Prize for Krishna Winston|1
RBL Romantica Hughie Award for Favorite Hero|1
Agatha Award for Best Childrens Young Adult|1
Best Continuing Series|1
Alan Paton Award|1
Land of Enchantment Book Award for Young Adult|1
"Hugo Award Nominee for Best Novella for ""Story of Your Life"""|1
Prix Millepages Award for Foreign Fiction|1
Lambda Literary Award for AIDS & for Nonfiction|1
Kiriyama Prize Nominee|1
Book Sense Book of the Year Award for Children's Illustrated|1
Helen and Kurt Wolff Translator's Prize for Breon Mitchell|1
"Hugo Award Nominee for Best Novelette for ""The Locusts"""|1
National Book Award for First Novel|1
Gouden Griffel|1
"Hugo Award for Best Novelette for ""Fire Watch"""|1
Society of Midland Authors Award for Biography|1
Lambda Literary Award Nominee|1
Icelandic Literary Prize for Fiction|1
Phi Beta Kappa Award in Science|1
RITA Award by Romance Writers of America Nominee for Short Contemporary Romance|1
Governor General's Literary Awards / Prix littéraires du Gouverneur général for Nonfiction|1
Hackmatack Children's Choice Award for English Fiction|1
Julia Cherry Spruill Prize|1
WH Smith Teen Choice Award|1
RIO Award of Excellence by Reviewers International Organization for Favorite Paranormal|1
"SF Chronicle Award for Short Story for ""Dori Bangs"""|1
Rosenthal Family Foundation Award for Fiction|1
Macavity Award for Best Nonfiction|1
Colorado Young Readers Award|1
John Florio Prize for Stuart Woolf|1
Openbook好書獎 for 年度好書．翻譯書|1
Human Rights Award for Children's Book|1
"Nebula Award Nominee for Best Novelette for ""Mikal's Songbird"""|1
"Theodore Sturgeon Memorial Award Nominee for ""Heroics"""|1
"Nebula Award for Best Novelette for ""The Doors of His Face"|1
Pulitzer Prize for Special Citation|1
"Agatha Award for Best Short Story for ""The Dog Who Remembered Too Much"" by Elizabeth Daniels Squire"|1
Idaho Book of the Year Award Nominee for|1
"James Tiptree Jr. Award Nominee for ""Story of Your Life"""|1
BTBA Best Translated Book Award for Fiction|1
Guinness Peat Aviation Award|1
National Book Award Finalist for Poetry|1
Fletcher Pratt Award|1
"SF Chronicle Award for Novelette for ""Fire Watch"""|1
George Washington Book Prize|1
IRA Children’s and Young Adult’s Book Award for Young Adult–Fiction|1
National Biography Award|1
HOLT Medallion by Virginia Romance Writers for Long Historical|1
"Locus Award for Best Collection and Best Short Story for ""None So Blind"""|1
Prix René Fallet|1
Eugène Marais-prys|1
Prijs van de Nederlandse Kinderjury for 6-9 jaar|1
"Balrog Award Nominee for Best Short Fiction for ""Jeffty Is Five"""|1
Grand prix du roman noir|1
Children's Book Council of Australia Award Nominee for Picture Books|1
Lambda Literary Award for Gay Men's Debut Fiction|1
Henry Kriesel Award for Best First Book|1
Oklahoma Sequoyah Award for Children's|1
Jewish Quarterly-Wingate Prize for Nonfiction|1
"Analog Award Nominee for Best Novella/Novelette for ""Guardians"""|1
Macavity Award for Best Novel|1
Locus Award Nominee for Best Novella and Best SF Novel|1
BP Natural World Book Award|1
"Nebula Award Nominee for Best Novelette for ""Rockabye Baby"""|1
Kiitos kirjasta -mitali|1
Purple Dragonfly Book Awards for Historical Fiction|1
Wellcome Book Prize Nominee for Shortlist|1
Mr. Christie's Book Award|1
National Book Award Finalist for Biography and Autobiography|1
Arizona YA Book Award Nominee|1
"Hugo Award for Best Novelette for ""Taklamakan"""|1
Will Eisner Comic Industry Awards for Talent Deserving of Wider Recognition|1
San Francisco Book Festival Nominee for Photography/Art|1
New Mexico Land of Enchantment Award for Children's|1
IRA Children’s and Young Adult’s Book Award for Young Adult Category|1
"Nebula Award for Best Novelette for ""Louise's Ghost"""|1
Hackmatack Children's Choice Award for Fiction|1
Seiun Award 星雲賞 for Best Translated Novel|1
Augustpriset Nominee for Fiction|1
Pennsylvania Young Readers' Choice Award for Young Adults|1
Charles S. Sydnor Award|1
Premio Biblioteca Breve|1
Premio Viareggio Nominee for|1
"Locus Award Nominee for Best Novelette for ""Rockabye Baby"""|1
RITA Award by Romance Writers of America for Best Romantic Novella|1
"Locus Award Nominee for Best Anthology and Best Short Story for ""The Edge of the World"""|1
British Fantasy Award for Best Anthology|1
ECPA Christian Book Award for Fiction|1
Premio de traducción literaria Valle Inclán for Sonia Soto|1
"""Show 'Em All"""|1
HOLT Medallion by Virginia Romance Writers for Best First Book|1
HOLT Medallion by Virginia Romance Writers for Long Inspirational|1
Mythopoeic Fantasy Award Nominee for for Adult Literature|1
Nestlé Smarties Book Prize for 6 – 8 Years|1
Nestlé Smarties Book Prize for 0 – 5 Years & Overall|1
Médaille de l'Académie canadienne-française|1
Premi Sant Jordi|1
Dobbie Literary Award Nominee|1
Prix des Libraires algériens|1
Joan Kelly Memorial Prize in Women's History|1
Prix du Festival d'Angoulême for Prix de la critique|1
Science Book Prize Nominee|1
"Hugo Award Nominee for Best Novelette for ""The Winter Market"""|1
M-Net Literary Award|1
Wilderness Society's Environment Award for Children's Literature Nominee for Picture Book|1
DebutantenPrijs|1
Claudia Lewis Award|1
James Tiptree Jr. Award Nominee for Special Mention - 20th Anniversary Republication|1
Fraenkel Prize of the Wiener Library|1
Sveriges Radios Romanpris|1
Grand Prix de l'Imaginaire for prix spécial du jury|1
Prix Alain-Fournier|1
International Rubery Book Award|1
NSK Neustadt Prize for Children's Literature|1
Best Novel|1
Prix Tour-Apollo Award for Prix Apollo|1
Harvey Awards for Best Graphic Album of Original Work|1
"Asimov's Readers' Poll Award for Best Novella for ""Forgiveness Day"""|1
Will Eisner Comic Industry Awards for Best Single Issue|1
Davitt Award for Best Adult Novel|1
Best Single Issue or Story|1
"SF Chronicle Award for Short Story for ""None So Blind"""|1
Minnesota Book Award for Biography|1
Boston Globe-Horn Book Award for Non-Fiction|1
Gayle Wilson Award of Excellence for Inspirational Romance|1
Desert Rose Golden Quill Award|1
"Locus Award for Best Novelette for ""Guardians"""|1
Flicker Tale Children's Book Award Nominee for Juvenile|1
Desert Rose Golden Quill Award for Best Paranormal|1
William Saroyan International Prize for Writing for Nonfiction|1
"Hugo Award Nominee for Best Short Story for ""The Story So Far"""|1
Merle Curti Award|1
Gouden Strop|1
Theakston Old Peculier Crime Novel of the Year|1
Best Lettering|1
Ockham New Zealand Book Awards for Cultural Heritage|1
Booker Prize Nominee for The Lost Man Booker Prize|1
Prometheus Hall of Fame Award Nominee for Best Classic Libertarian SF Novel|1
Prix Broquette-Gonin de l'Académie Française for Littérature|1
Yale Series of Younger Poets Competition|1
The Booker of Bookers Prize|1
Booksellers' Best Award for Best Paranormal|1
Prix Aurora Award for Best Long Form|1
Children's Book Council of Australia Award for Picture Book of the Year|1
Hugo Award for Other Forms|1
Locus Award for Best Novelette|1
Royal Society Science Book Prize for Junior Prize|1
Prémio de Melhor Ficção Narrativa - Gala da Sociedade Portuguesa de Autores|1
Anthony Award Nominee for Best Short Story Collection|1
RITA Award by Romance Writers of America Nominee for Long Contemporary Series Romance|1
HOLT Medallion by Virginia Romance Writers for Short Inspirational|1
Prix Jan Michalski|1
"Hugo Award for Best Short Story for ""The Crystal Spheres"""|1
Best Finite Series|1
Science Fiction and Fantasy Translation Award Nominee for Long Form|1
Prémio Camões|1
Boston Globe-Horn Book Award Nominee for Fiction and Poetry|1
Nestlé Smarties Book Prize for 9-11 years|1
Balrog Award for Best Collection|1
RITA Award by Romance Writers of America Nominee for Futuristic/Fantasy/Paranormal Romance|1
Tom-Gallon Trust Award for 'The Egg Man'|1
"Analog Award Nominee for Best Short Story for ""The Man Who Was Heavily into Revenge"""|1
HOLT Medallion by Virginia Romance Writers for Historical|1
Prix Littéraire Européen - Madeleine Zepter|1
"Theodore Sturgeon Memorial Award Nominee for ""The Elizabeth Complex"""|1
Prometheus Award|1
OKRWA National Readers Choice Award|1
Ficção Científica ou Terror Publicada em Língua Portuguesa|1
"Theodore Sturgeon Memorial Award Nominee for ""Seventy-Two Letters"""|1
RITA Award by Romance Writers of America for Best Single Title Historical  & Nominee for Best Romance of the Year|1
French-American Foundation Translation Prize Nominee for Fiction|1
O. Henry Award for 'Errand'|1
Last Laugh Dagger|1
FHL Reader’s Choice Award|1
Βραβείο Λογοτεχνικής Μετάφρασης ΕΚΕΜΕΛ for Αγγλόφωνη Λογοτεχνία|1
Futuristic and Paranormal Special Interest Chapter of RWA for Fantasy|1
Alfred-Döblin-Preis for Förderpreis|1
Judy Grahn Award for Lesbian Nonfiction|1
"Balrog Award Nominee for Best Short Fiction for ""Fire Watch"""|1
"SF Chronicle Award Nominee for Best Novelette for ""The Winter Market"""|1
Olive Schreiner Prize for Prose|1
Anthony Award Nominee for Best Critical/Biographical|1
Seiun Award 星雲賞 for Best Translated Long Form|1
RBL Romantica Hughie Award for Best Anthology|1
Marsh Biography Award|1
HOLT Medallion by Virginia Romance Writers for Mainstream/Single Title|1
Ockham New Zealand Book Awards for Best First Book|1
Aurealis Award Nominee for Best Novel|1
National Critics' Prize of Catalonia|1
RBL Romantica Hughie Award for Best Cover|1
OKRWA National Readers Choice Award for Short Contemporary|1
Los Angeles Times Book Prize Nominee for Art Seidenbaum Award for First Fiction|1
Hugo Award Nominee for Best Short Story|1
Premio Aztlán Literary Prize|1
Grand Prix de l'Imaginaire for roman étranger traduit|1
Hugo Award for Best Related Work|1
Minnesota Book Award for Genres|1
SCBWI Golden Kite Award for Picture Book Illustration|1
Tage der deutschsprachigen Literatur for Ernst-Willner-Preis|1
Schlegel-Tieck Prize for John Brownjohn|1
Prix Jules Verne|1
Premio Sor Juana Inés de la Cruz|1
Hugo Award for Best Short Story for “None So Blind”|1
National Book Critics Circle Award for Poetry|1
Locus Award for Best Non-Fiction/Art|1
Lambda Literary Award for Gay Fiction|1
Pulitzer Prize for Nonfiction|1
James Beard Foundation Book Award Nominee for Writing on Food|1
Helen and Kurt Wolff Translator's Prize for John Brownjohn|1
Evening Standard Award for Best Comedy|1
Thom Gunn Award for Gay Poetry|1
Will Eisner Comic Industry Awards for Best Graphic Album–Reprint|1
Lambda Literary Award Nominee for Lesbian Mystery|1
Premio Alassio Centolibri - Un autore per l'Europa|1
James Russell Lowell Prize|1
Audie Award for Literary Fiction|1
Jane Grigson Award|1
"Nebula Award Nominee for Best Short Story for ""The Elizabeth Complex"""|1
New York City Book Award for Book of the Year|1
Asian/Pacific American Award for Literature for Children and Young Adult|1
BRLA|1
Harvey Awards for Best Continuing or Limited Series & Best Colorist|1
Helen and Kurt Wolff Translator's Prize Nominee for Michael Hulse|1
Deutscher Science Fiction Preis for Bester Roman|1
Prix Aujourd'hui|1
Edgar Award for Best Best Juvenile|1
Anisfield-Wolf Book Award for Nonfiction|1
Australian Natives' Literature Award|1
Commonwealth Writers' Prize Nominee for Best Book in South East Asia and Pacific|1
Prêmio Lourenço Filho|1
"Nebula Award for Best Novelette for ""Fire Watch"""|1
"Hugo Award Nominee for Best Novella for ""Forgiveness Day"""|1
Canada Council Children's Literature Award|1
RIO Award of Excellence by Reviewers International Organization for Favorite Anthology|1
Locus Award for Best Novella|1
Phantastik-Preis der Stadt Wetzlar|1
Francis Awards Triple Nominee|1
HOLT Medallion by Virginia Romance Writers for Paranormal/Time Travel/Futuristic & Best First Book|1
Best Anthology|1
Brageprisen Nominee for Fiction|1
Deutscher Jugendliteraturpreis for Kindersachbuch|1
Massachusetts Book Award for Poetry|1
Premio Nonino|1
"Asimov's Readers' Poll Award Nominee for Best Novelette for ""Taklamakan"""|1
"Hugo Award Nominee for Best Short Fiction for ""The Doors of His Face"|1
Minnesota Book Award for Young Adult Fiction|1
British Science Fiction Association Award for Best SF Novel|1
OKRWA National Readers Choice Award for Long Contemporary|1
"Hugo Award Nominee for Best Novelette for ""Mikal's Songbird"""|1
Deutscher Bücherpreis Nominee|1
OKRWA National Readers Choice Award for Regency|1
Maggie Award for Excellence|1
Booktrust Teenage Prize Shortlist|1
National Book Critics Circle Award Nominee|1
National Book Award Finalist for The Sciences|1
Weekly Reader Editor's Choice|1
"Theodore Sturgeon Memorial Award Nominee for ""Dori Bangs"""|1
Deutscher Jugendliteraturpreis for Bilderbuch|1
Christy Award for Suspense / Mystery|1
Saltire Society Literary Award for Book of the Year|1
Frank L. and Harriet C. Owsley Award|1
000 Words|1
RIO Award of Excellence by Reviewers International Organization|1
Ockham New Zealand Book Awards Nominee for 2nd|1
National Book Award for Autobiography/Biography|1
Whitbread Award for Poetry|1
Deutscher Krimi Preis for 1. Platz National|1
"Analog Award for Best Short Story for ""The Crystal Spheres"""|1
Hugo Award for Best Related Book|1
Victorian Premier's Literary Award for Children's Books|1
HOLT Medallion by Virginia Romance Writers for Short Contemporary|1
Harvey Awards Nominee for Best Continuing or Limited Series & Best Writer|1
Orange Prize Nominee for New Writers|1
Scott Moncrieff Prize for Patricia Clancy|1
Brageprisen for Fiction|1
Prix Fénéon|1
Best Biographical|1
Harvey Awards for Best Graphic Album of Original Material|1
Kuvastaja|1
"Locus Award Nominee for Best Novelette for ""Fire Watch"""|1
"Analog Award Nominee for Best Novelette for ""Mikal's Songbird"""|1
Saskatchewan Book Award|1
Jane Addams Children's Book Award Nominee for Special Recognition|1
Marten Toonder/Geertjan Lubberhuizenprijs|1
Green Mountain Book Award|1
Rivertonprisen|1
Sunshine State Young Readers Award Nominee|1
Wolfson History Prize|1
Bancroft Prize for rescind for scholarly misconduct|1
Ridenhour Book Prize|1
Weickhardt Award|1
1998)|1
IACP Cookbook Awards|1
Favorite Books by Romance Writers of America for Favorite Books of 2001|1
Schneider Family Book Award for Teen Book|1
BTBA Best Translated Book Award Nominee for Fiction Shortlist|1
Keystone to Reading Book Award for Primary|1
Henry Adams Prize|1
Gay Men's Small Press Book Award|1
Janusz A. Zajdel Award for Novel|1
John W. Campbell Memorial Award Nominee for Best Novel|1
Living Now Book Awards|1
"Retro Hugo Award Nominee for Best Novelette for ""Dead Knowledge"""|1
Golden Medallion by Romance Writers of America Nominee for Historical Romance|1
Angelus Nominee|1
Grand Prix de l'Imaginaire for Roman francophone|1
Angus Book Award|1
California Young Readers Medal Nominee for Young Adult & Middle School/Junior High|1
"World Fantasy Award for Best Short Fiction for ""Mackintosh Willy"" and Nominee for Best Anthology/Collection"|1
Vondel Prize for Stacey Knecht|1
HOLT Medallion by Virginia Romance Writers Nominee for Southern Theme|1
Desert Rose Golden Quill Award for Best Historical Romance|1
Oregon Book Award Nominee for Nonfiction|1
Affaire de Coeur Critics Choice Award Nominee|1
Government & Political Science|1
French-American Foundation Translation Prize for Non-fiction|1
Whitbread Award|1
Prix du Festival d'Angoulême for Alph-art du coup de coeur|1
PROSE Award for History|1
Sahitya Akademi Award for English|1
Golden Archer Award for Primary|1
"World Fantasy Award Nominee for Best Anthology and Best Novella for ""Seventy-Two Letters"""|1
Prijs van de Vlaamse lezer|1
IACP Cookbook Awards for Literary Food Writing|1
RITA Award by Romance Writers of America Nominee for Paranormal Romance & Best First Book|1
Premi de la Fundació d'Amics de les Arts i les Lletres de Sabadell|1
RITA Award by Romance Writers of America for Best Series Historical Romance|1
"Agatha Award for Best Short Story for ""Kim's Game"" by M.D. Lake"|1
"Sidewise Award for Best Short Form for ""Seventy-Two Letters"""|1
Marsh Award for Children's Literature in Translation|1
Grand Prix de l'Imaginaire Nominee for Nouvelle étrangère|1
F. Bordewijkprijs|1
Ohioana Book Award for Nonfiction|1
Will Eisner Comic Industry Awards for Best Short Story|1
Wisconsin Library Association Literary Award|1
Riksmålsforbundets barne- og ungdomsbokpris|1
Barry Award Nominee for Best Thriller|1
London Book Festival for Photography/Art|1
World Fantasy Award for Best Anthology|1
Gumshoe Award for Best European Crime Novel|1
San Diego Book Award Nominee for Best Western or Historical Romance|1
Prix Femina Vacaresco|1
Preis der Jugendjury|1
"Locus Award Nominee for Best Novelette for ""The Locusts"|1
Asimov's Readers' Poll Award for Best Novelette|1
Aurealis Award for Best Science Fiction Novel|1
Audie Award for Literary Fiction & Classics|1
Spur Award for Best Juvenile Nonfiction|1
PEN/Macmillan Silver Pen Award|1
Schlegel-Tieck Prize for Krishna Winston|1
Lambda Literary Award Nominee for Anthologies/Nonfiction|1
"Nebula Award Nominee for Best Novelette for ""Taklamakan"""|1
David Gemmell Legend Award for Best Fantasy Novel|1
Tennessee Young Readers Award|1
IGN Award for Best Collection|1
Pennsylvania Young Readers' Choice Award for Grades K-3|1
Lambda Literary Award Nominee for Gay Men's Mystery/Science Fiction|1
"Hugo Award Nominee for Best Short Story for ""The Edge of the World"""|1
HOLT Medallion by Virginia Romance Writers for Traditional|1
Национални фантастични награди for Най-добър превод за 2014 г. – първо място|1
National Book Critics Circle Award|1
More Than Magic Award Nominee for Historical|1
Harvey Awards for Best Graphic Album of Previously Published Work|1
Readers' Favorite Book Award for Children - Grade K-3rd|1
OKRWA National Readers Choice Award for Long Historical|1
Young Hoosier Book Award Nominee for Middle Grades|1
Lambda Literary Award Nominee for Drama|1
The Best of the Booker|1
1996|1
California Young Readers Medal for Middle School/Jr. High|1
British Science Fiction Association Award for 50th Anniversary Award Best Novel of 1958|1
"Hugo Award for Best Novelette for ""Bloodchild"""|1
Sir John A. Macdonald Prize|1
"Hugo Award for Best Novelette for ""Adrift Just Off the Islets of Langerhans: Latitude 38° 54' N"|1
Prix de la Divulgation historique|1
"Theodore Sturgeon Memorial Award Nominee for ""Congenital Agenesis of Gender Ideation"""|1
Golden Heart by Romance Writers of America Nominee for Best Regency Romance|1
"James Tiptree Jr. Award for ""Congenital Agenesis of Gender Ideation"""|1
"World Fantasy Award Nominee for Best Short Fiction for ""The Edge of the World"""|1
Bram Stoker Award for Best Anthology|1
Lambda Literary Award for Gay Men's Biography/Autobiography|1
National Book Award for First Work of Fiction|1
Anthony Award for Best Historical Mystery|1
J.R. Ackerley Prize for Autobiography|1
National Book Award for History and Biography|1
Hessell-Tiltman Prize|1
CWA Debut Dagger|1
Bruce Alexander Memorial Historical Mystery Award|1
Borders Original Voices Award for YA or Independent Reader|1
Varjo-Finlandia|1
Pura Belpré Award for Illustration|1
"Analog Award Nominee for Best Novella/Novelette for ""Rockabye Baby"""|1
The Romance Journal: Best American Historical|1
Society of Midland Authors Award Nominee for Children's Fiction|1
Children's Book Council of Australia Award Nominee for Picture Book of the Year|1
Minnesota Book Award for Novels & Short Stories|1
Frederick Jackson Turner Award|1
Glass Key Award for Best Nordic Crime Novel|1
"Theodore Sturgeon Memorial Award for ""The Edge of the World"""|1
Washington Children's Choice Picture Book Award|1
"Balrog Award Nominee for Best Short Fiction for ""An Act of Faith"" and Nominee for Best Collection/Anthology"|1
Harvey Awards Nominee for Best Writer|1
Albert J. Beveridge Award|1
"Nebula Award Nominee for Best Novella for ""Forgiveness Day"""|1
"Locus Award Nominee for Best Novella for ""Anasazi"""|1
Canadian Historical Association Clio Prize|1
National Book Critics Circle Award Nominee for Biography|1
Boston Globe-Horn Book Award for Fiction and Poetry|1
"Agatha Award for Best Short Story for ""Too Much To Bare"" by Joan Hess"|1
RITA Award by Romance Writers of America for Best Romance of 1989|1
Prémio Vergílio Ferreira|1
Arthur Ross Book Award for Silver Medal|1
South Lanarkshire Award|1
Kate Tufts Discovery Award|1
Vondel Prize Nominee for Susan Massotty|1
Obie for Best New American Play|1
Lambda Literary Award for Lesbian Debut Fiction|1
Los Angeles Times Book Prize|1
Noma Literary Prize 野間文芸賞|1
Prémio Clube Literário do Porto|1
Harvey Awards for Best Graphic Album|1
"Locus Award for Best Novelette for ""Taklamakan"""|1
P2-lytternes romanpris Nominee|1
Locus Award for Best Art Book|1
"Nebula Award for Best Novelette for ""San Diego Lightfoot Sue"""|1
BTBA Best Translated Book Award Nominee for Fiction longlist|1
Governor General's Literary Awards / Prix littéraires du Gouverneur général for Children’s Literature — Text|1
Carter G. Woodson Award|1
Prix des libraires du Québec for Lauréats québécois|1
"Hugo Award for Best Novelette for ""The Bicentennial Man"""|1
RITA Award by Romance Writers of America Nominee for Traditional Romance|1
Friends of American Writers Award|1
Grand Prix des lectrices de Elle Québec|1
"Locus Award for Best Novelette for ""Adrift Just Off the Islets of Langerhans: Latitude 38° 54' N"|1
Schlegel-Tieck Prize for Ian Crockatt|1
Children's Book Council of Australia Award for Book of the Year|1
Edgar Award Nominee for Best Juvenile|1
"Hugo Award Nominee for Best Novelette for ""San Diego Lightfoot Sue"""|1
BCCB Blue Ribbon Picture Book|1
Macavity Award for Best Critical/Biographical|1
Stockton Libraries Award|1
1997 awards)|1
Hunden som sprang mot en stjärna|1
Will Eisner Comic Industry Awards Nominee for Best Penciller/Inker or Penciller/Inker Team|1
Anisfield-Wolf Book Award for Fiction|1
Analog Award Nominee for Best Serial Novel or Novella|1
Sankei Children's Publishing Culture Award|1
New York City Book Award for Children's Book|1
Stockport Schools' Book Award|1
National Book Award Finalist for Contemporary Thought|1
for Absolute edition)|1
Premio Nazionale Letterario Pisa|1
"Locus Award for Best Novelette for ""Bloodchild"""|1
APSA Benjamin E. Lippincott Award|1
Sapphire Award winner|1
Children's Book Council of Australia Award for Book of the Year: Older Readers - Joint Winner|1
Stonewall Book Award for Non-Fiction|1
Best Coloring|1
Best Painter|1
New York City Book Award for Journalism|1
Prêmio Jabuti for Ilustração|1
com Tiago Veiga - Uma Biografia|1
P2-lytternes romanpris|1
"World Fantasy Award for Best Short Fiction for ""The Specialist's Hat"""|1
Philip Taft Labor History Book Award|1
IRA Children’s and Young Adult’s Book Award for Younger Reader Category|1
Kurt Maschler Award|1
Favorite Books by Romance Writers of America for Favorite Books of 2002|1
"Theodore Sturgeon Memorial Award for ""Story of Your Life"""|1
Jeannette Fair Award|1
Nevada Young Readers' Award|1
RITA Award by Romance Writers of America for Best Romantic Suspense|1
Premio Bagutta|1
Jefferson Davis Award|1
PEN Center USA Literary Award for Research Nonfiction|1
Red Adept Select|1
Salón Internacional del Cómic de Barcelona for Premio del público a la mejor obra extranjera|1
James Laughlin Award|1
Ditmar Award for Winner|1
The Rooster -- The Morning News Tournament of Books|1
"Analog Award Nominee for Best Short Story for ""View from a Height"""|1
Warwick Prize for Writing Nominee for Shortlist|1
John Florio Prize for Joseph Farrell|1
"Theodore Sturgeon Memorial Award Nominee for ""The Story So Far"""|1
Locus Award for Science Fiction Novel|1
Angelus Nominee for Shortlist|1
"Starry Night"" by Marianne Willman)"|1
California Book Award for Novel|1
The Irish Times Aer Lingus Literary Award|1
Peninsular Chapter RWA|1
Will Eisner Comic Industry Awards for Best Limited Series|1
Governor General's Literary Awards / Prix littéraires du Gouverneur général for Juvenile|1
Futuristic and Paranormal Special Interest Chapter of RWA for Best Dark Paranormal|1
Bram Stoker Award Nominee for Best Illustrated Narrative|1
HOMer Award Nominee for First Novel|1
Albertine Prize Nominee for Shortlist|1
Katholischer Kinder- und Jugendbuchpreis|1
Wilhelm-Hauff-Preis|1
Lambda Literary Award for Gay Men's Science Fiction/Fantasy|1
"Seiun Award 星雲賞 for Best Translated Short Story for ""Story of Your Life"""|1
"Analog Award Nominee for Best Serial Novel or Novella for ""Anasazi"""|1
Gordon Montador Award|1
