|Category
fiction|46231
mysteri|12402
literatur|11902
romanc|9479
science fict|8161
juvenile fict|5933
biographi|5010
children's book|4825
nonfict|4191
histori|3257
religion|2982
fantasi|2333
horror|2262
poetri|1864
historical fict|1852
children'|1834
humor|1621
busi|1373
health|1330
scienc|1280
juvenile nonfict|1251
classic|1244
young adult|1219
social sci|1192
travel|1120
philosophi|1112
comic|1095
thriller|1021
famili|990
psycholog|960
cook|958
bodi|907
histor|855
art|723
children|685
self-help|677
crime|666
refer|600
sport|548
comput|522
drama|479
theatr|455
literary critic|446
short stori|429
christian|408
performing art|389
political sci|387
craft|376
language art|374
memoir|373
natur|369
educ|349
true crim|345
music|336
children's stori|336
detective and mystery stori|336
polit|313
spiritu|306
game|275
literary collect|270
anim|263
medic|259
pet|240
self help|238
cultur|227
garden|223
author|221
contemporari|213
western|209
suspens|203
parent|200
sequential art|198
media tie in|179
foreign language studi|173
outdoor|167
english fict|154
adventure stori|152
hous|151
food and drink|151
american fict|149
fantasy fict|148
womens fict|146
christian fict|142
humor and comedi|140
technolog|127
bibl|117
manga|116
domestic fict|110
law|109
christian lif|107
friendship|107
women|105
paranorm|104
cat|100
horror tal|99
entertain|96
theater|94
mathemat|92
england|92
category rom|91
english languag|89
play|89
brothers and sist|87
antiqu|87
adventur|87
autobiographi|84
photographi|84
gay|83
american wit and humor|82
australia|78
european literatur|77
cookbook|73
great britain|72
holiday|71
historical rom|70
adolesc|69
architectur|69
united st|68
canada|66
chick lit|66
dog|64
african american|62
adventure and adventur|61
femin|61
home|60
babysitt|59
conduct of lif|59
german fict|59
actor|57
american literatur|56
american poetri|56
man-woman relationship|53
french fict|50
various author|50
city and town lif|49
romance fict|48
languag|47
franc|47
adulteri|46
africa|45
econom|45
murder|44
catholic|42
american|41
cookeri|40
young adult fict|40
design|39
study aid|39
folklor|39
bear|37
indians of north america|37
curiosities and wond|37
children's poetri|36
children's literatur|36
motion picture actors and actress|36
fiction in english|36
relationship|36
comic book|36
germani|35
christmas stori|35
china|35
boy|34
ghost stori|34
california|33
interplanetary voyag|33
divorc|33
camp|32
death|32
country lif|32
artist|32
civil|32
brother|32
fairy tal|32
alcohol|32
british|31
canadian fict|31
novel|31
profession|30
gay and lesbian|29
humorous stori|29
arthurian rom|29
world war|28
write|28
journal|28
authorship|28
love stori|28
satir|27
military histori|27
egypt|27
boarding school|26
bird|25
love|25
new york|25
europ|24
large type book|24
astrolog|24
financ|24
angel|24
school|24
lgbt|24
horror stories.|24
interpersonal rel|24
english drama|24
sociolog|24
child rear|23
occult|23
india|23
aunt|23
war|23
english poetri|23
transport|23
assassin|23
aid|23
mytholog|22
vietnam war|22
hard boil|22
dragon|22
illustr|22
frontier and pioneer lif|22
antholog|21
berlin|21
urban fantasi|21
folk tal|21
adult fict|21
london|21
lesbian|20
linguist|20
lesbian fict|20
magic|20
dystopia|20
harlequin|20
vampir|20
child develop|20
bible stori|19
english literatur|19
aboriginal australian|19
marriag|19
alien|19
holocaust|18
christma|18
reader|18
journalist|18
astronomi|18
christian biographi|18
anthropolog|18
film|18
crimin|18
club|18
birthday|17
blind|17
hors|17
dungeons and dragon|17
cousin|17
english wit and humor|17
spain|16
dinosaur|16
extraterrestrial b|16
fathers and daught|16
american drama|16
german language materi|16
erotica|16
commun|16
apologet|16
baggin|16
apocalypt|16
intelligence servic|16
gay men|15
arizona|15
environ|15
novelist|15
women's fict|15
ebook|15
ireland|15
high school|15
age|15
presid|15
almanac|15
food|15
motion pictur|15
actress|14
childbirth|14
amnesia|14
german languag|14
god|14
human|14
behavior|14
amish|14
courtship|14
itali|14
spanish languag|14
bulli|14
action|14
american wit and humor.|14
polic|14
businessmen|14
bereav|14
rock musician|14
comedian|14
life on other planet|14
espionag|14
computer sci|14
halloween|13
militari|13
plays and drama|13
african american women|13
alternative medicin|13
date|13
celt|13
college read|13
basebal|13
natural histori|13
gothic|13
chicago|13
human-alien encount|13
ghost|13
dune|13
animal welfar|13
erotic stori|13
puzzl|13
plot-your-own stori|13
college stud|13
quotat|13
fathers and son|12
alphabet|12
internet|12
roman|12
beach|12
colorado|12
leadership|12
russia|12
greec|12
aeronaut|12
businesswomen|12
depress|12
poet|12
fantasy.|12
advertis|12
prayer|12
circu|12
australian fict|12
coven|12
alaska|12
handicraft|12
medicin|12
biolog|12
archaeolog|12
regenc|12
disambigu|12
modern|12
high school stud|11
kidnap|11
boston|11
java|11
textbook|11
beauti|11
dream|11
cult|11
cities and town|11
war novel|11
japan|11
cancer|11
success|11
mothers and daught|11
assert|11
farm lif|11
conspiraci|11
biographical fict|11
spanish fict|11
brain|11
fear|11
child psychologist|11
academic writ|11
mountain|10
chemistri|10
brazil|10
diary fict|10
netherland|10
horse rac|10
babi|10
encyclopedias and dictionari|10
veterinarian|10
manners and custom|10
comedi|10
atomic bomb|10
automobil|10
cornwal|10
compos|10
career chang|10
hollywood|10
medit|10
bar|10
invest|10
private investig|10
accelerated read|10
artificial intellig|10
fantastic fiction.|10
footbal|10
black|10
fantasy gam|10
devotional calendar|10
fairy tales.|10
graphic novel|10
myth|10
